Alert ID,Ticker,Name,Description,Time
668333202,"BATS:EMLC, 1D",,Positive Divergence Detected,2023-02-14T17:51:25.000Z
668335455,"BATS:FXI, 1D",,Positive Divergence Detected,2023-02-14T17:10:35.000Z
668400145,"BATS:XBI, 1D",,Positive Divergence Detected,2023-02-14T16:53:34.000Z
668336665,"BATS:IEF, 1D",,Positive Divergence Detected,2023-02-14T16:26:36.000Z
668328648,"BATS:AGG, 1D",,Positive Divergence Detected,2023-02-14T16:17:20.000Z
668390211,"BATS:SPLB, 1D",,Positive Divergence Detected,2023-02-14T16:11:48.000Z
668440513,"BATS:JPST, 1D",,Negative Divergence Detected,2023-02-14T16:11:16.000Z
668379824,"BATS:MOO, 1D",,Positive Divergence Detected,2023-02-14T15:50:18.000Z
668369885,"BATS:IHI, 1D",,Positive Divergence Detected,2023-02-14T15:41:34.000Z
668412498,"BATS:DOG, 1D",,Positive Divergence Detected,2023-02-14T15:12:06.000Z
668430408,"BATS:CIBR, 1D",,Negative Divergence Detected,2023-02-14T15:11:08.000Z
668439872,"BATS:IXJ, 1D",,Negative Divergence Detected,2023-02-14T15:01:14.000Z
668442020,"BATS:OIH, 1D",,Negative Divergence Detected,2023-02-14T14:58:24.000Z
668388633,"BATS:SHY, 1D",,Positive Divergence Detected,2023-02-14T14:46:30.000Z
668438056,"BATS:ITA, 1D",,Negative Divergence Detected,2023-02-14T14:46:06.000Z
668434013,"BATS:EWU, 1D",,Negative Divergence Detected,2023-02-14T14:37:06.000Z
668333966,"BATS:EWJ, 1D",,Positive Divergence Detected,2023-02-14T14:33:03.000Z
668379143,"BATS:MCHI, 1D",,Positive Divergence Detected,2023-02-14T14:32:08.000Z
668334950,"BATS:EWY, 1D",,Positive Divergence Detected,2023-02-14T14:31:51.000Z
668370304,"BATS:INDA, 1D",,Positive Divergence Detected,2023-02-14T14:31:33.000Z
668388397,"BATS:SCZ, 1D",,Positive Divergence Detected,2023-02-14T14:31:33.000Z
668373433,"BATS:JETS, 1D",,Positive Divergence Detected,2023-02-14T14:31:15.000Z
668373743,"BATS:JNK, 1D",,Positive Divergence Detected,2023-02-14T14:30:27.000Z
668335949,"BATS:GOVT, 1D",,Positive Divergence Detected,2023-02-14T14:30:21.000Z
668335578,"BATS:GDX, 1D",,Positive Divergence Detected,2023-02-14T14:30:07.000Z
668468157,"BATS:UUP, 1D",,Negative Divergence Detected,2023-02-14T14:30:07.000Z
668336444,"BATS:ICLN, 1D",,Positive Divergence Detected,2023-02-14T14:30:03.000Z
668393725,"BATS:UPST, 1D",,Positive Divergence Detected,2023-02-14T14:30:02.000Z
668336307,"BATS:HYD, 1D",,Positive Divergence Detected,2023-02-14T14:30:01.000Z
668388902,"BATS:SIL, 1D",,Positive Divergence Detected,2023-02-14T14:30:02.000Z
668393239,"BATS:THD, 1D",,Positive Divergence Detected,2023-02-14T14:30:02.000Z
668338551,"BATS:IGSB, 1D",,Positive Divergence Detected,2023-02-14T14:30:01.000Z
668394914,"BATS:VGSH, 1D",,Positive Divergence Detected,2023-02-14T14:30:01.000Z
668396241,"BATS:VNQI, 1D",,Positive Divergence Detected,2023-02-14T14:30:01.000Z
668331900,"BATS:BWX, 1D",,Positive Divergence Detected,2023-02-14T14:30:01.000Z
668400946,"BATS:XLC, 1D",,Positive Divergence Detected,2023-02-14T14:30:00.000Z
668418938,"BATS:REMX, 1D",,Positive Divergence Detected,2023-02-14T14:30:00.000Z
668397070,"BATS:VPL, 1D",,Positive Divergence Detected,2023-02-14T14:30:00.000Z
668389440,"BATS:SLV, 1D",,Positive Divergence Detected,2023-02-14T14:30:00.000Z
668371192,"BATS:ITM, 1D",,Positive Divergence Detected,2023-02-14T14:30:00.000Z
668333452,"BATS:EWA, 1D",,Positive Divergence Detected,2023-02-14T14:30:00.000Z
668471146,"BATS:XLP, 1D",,Negative Divergence Detected,2023-02-14T14:30:00.000Z
668420630,"BATS:SUB, 1D",,Positive Divergence Detected,2023-02-14T14:30:00.000Z
668387807,"BATS:SCHP, 1D",,Positive Divergence Detected,2023-02-14T14:30:00.000Z
668331766,"BATS:BSV, 1D",,Positive Divergence Detected,2023-02-14T14:30:00.000Z
668379381,"BATS:MLN, 1D",,Positive Divergence Detected,2023-02-14T14:30:00.000Z
668471387,"BATS:XLV, 1D",,Negative Divergence Detected,2023-02-14T14:30:00.000Z
668379381,"BATS:MLN, 1D",,Positive Divergence Detected,2023-02-13T17:46:34.000Z
668442020,"BATS:OIH, 1D",,Negative Divergence Detected,2023-02-13T17:33:34.000Z
668371192,"BATS:ITM, 1D",,Positive Divergence Detected,2023-02-13T16:19:07.000Z
668471146,"BATS:XLP, 1D",,Negative Divergence Detected,2023-02-13T15:30:00.000Z
668434013,"BATS:EWU, 1D",,Negative Divergence Detected,2023-02-13T15:09:36.000Z
668331900,"BATS:BWX, 1D",,Positive Divergence Detected,2023-02-13T14:47:21.000Z
668400145,"BATS:XBI, 1D",,Positive Divergence Detected,2023-02-13T14:36:16.000Z
668398276,"BATS:VSS, 1D",,Positive Divergence Detected,2023-02-13T14:31:39.000Z
668387807,"BATS:SCHP, 1D",,Positive Divergence Detected,2023-02-13T14:31:19.000Z
668389440,"BATS:SLV, 1D",,Positive Divergence Detected,2023-02-13T14:31:05.000Z
668400946,"BATS:XLC, 1D",,Positive Divergence Detected,2023-02-13T14:30:27.000Z
668335578,"BATS:GDX, 1D",,Positive Divergence Detected,2023-02-13T14:30:07.000Z
668468157,"BATS:UUP, 1D",,Negative Divergence Detected,2023-02-13T14:30:07.000Z
668338551,"BATS:IGSB, 1D",,Positive Divergence Detected,2023-02-13T14:30:01.000Z
668393725,"BATS:UPST, 1D",,Positive Divergence Detected,2023-02-13T14:30:01.000Z
668336444,"BATS:ICLN, 1D",,Positive Divergence Detected,2023-02-13T14:30:01.000Z
668396241,"BATS:VNQI, 1D",,Positive Divergence Detected,2023-02-13T14:30:01.000Z
668394914,"BATS:VGSH, 1D",,Positive Divergence Detected,2023-02-13T14:30:01.000Z
668388633,"BATS:SHY, 1D",,Positive Divergence Detected,2023-02-13T14:30:00.000Z
668328648,"BATS:AGG, 1D",,Positive Divergence Detected,2023-02-13T14:30:00.000Z
668373433,"BATS:JETS, 1D",,Positive Divergence Detected,2023-02-13T14:30:00.000Z
668331766,"BATS:BSV, 1D",,Positive Divergence Detected,2023-02-13T14:30:00.000Z
668388397,"BATS:SCZ, 1D",,Positive Divergence Detected,2023-02-13T14:30:00.000Z
668334213,"BATS:EWM, 1D",,Positive Divergence Detected,2023-02-13T14:30:00.000Z
668334950,"BATS:EWY, 1D",,Positive Divergence Detected,2023-02-13T14:30:00.000Z
668332137,"BATS:CPER, 1D",,Positive Divergence Detected,2023-02-13T14:30:00.000Z
668397070,"BATS:VPL, 1D",,Positive Divergence Detected,2023-02-13T14:30:00.000Z
668388902,"BATS:SIL, 1D",,Positive Divergence Detected,2023-02-13T14:30:00.000Z
668471387,"BATS:XLV, 1D",,Negative Divergence Detected,2023-02-13T14:30:00.000Z
668373743,"BATS:JNK, 1D",,Positive Divergence Detected,2023-02-13T14:30:00.000Z
668333452,"BATS:EWA, 1D",,Positive Divergence Detected,2023-02-13T14:30:00.000Z
668393239,"BATS:THD, 1D",,Positive Divergence Detected,2023-02-13T14:30:00.000Z
668418938,"BATS:REMX, 1D",,Positive Divergence Detected,2023-02-13T14:30:00.000Z
668335949,"BATS:GOVT, 1D",,Positive Divergence Detected,2023-02-13T14:30:00.000Z
668438056,"BATS:ITA, 1D",,Negative Divergence Detected,2023-02-13T14:30:00.000Z
668438056,"BATS:ITA, 1D",,Negative Divergence Detected,2023-02-10T20:49:52.000Z
668388633,"BATS:SHY, 1D",,Positive Divergence Detected,2023-02-10T20:06:07.000Z
668394914,"BATS:VGSH, 1D",,Positive Divergence Detected,2023-02-10T19:52:55.000Z
668333579,"BATS:EWD, 1D",,Positive Divergence Detected,2023-02-10T19:16:42.000Z
668334213,"BATS:EWM, 1D",,Positive Divergence Detected,2023-02-10T17:18:33.000Z
668328648,"BATS:AGG, 1D",,Positive Divergence Detected,2023-02-10T17:14:18.000Z
668389440,"BATS:SLV, 1D",,Positive Divergence Detected,2023-02-10T16:52:51.000Z
668335949,"BATS:GOVT, 1D",,Positive Divergence Detected,2023-02-10T16:16:00.000Z
668331900,"BATS:BWX, 1D",,Positive Divergence Detected,2023-02-10T15:55:09.000Z
668399881,"BATS:WOOD, 1D",,Positive Divergence Detected,2023-02-10T15:11:53.000Z
668373433,"BATS:JETS, 1D",,Positive Divergence Detected,2023-02-10T15:07:01.000Z
668338551,"BATS:IGSB, 1D",,Positive Divergence Detected,2023-02-10T15:02:07.000Z
668390211,"BATS:SPLB, 1D",,Positive Divergence Detected,2023-02-10T15:02:05.000Z
668386334,"BATS:RSP, 1D",,Positive Divergence Detected,2023-02-10T14:41:00.000Z
668335578,"BATS:GDX, 1D",,Positive Divergence Detected,2023-02-10T14:30:07.000Z
668468157,"BATS:UUP, 1D",,Negative Divergence Detected,2023-02-10T14:30:05.000Z
668388397,"BATS:SCZ, 1D",,Positive Divergence Detected,2023-02-10T14:30:02.000Z
668379381,"BATS:MLN, 1D",,Positive Divergence Detected,2023-02-10T14:30:03.000Z
668332137,"BATS:CPER, 1D",,Positive Divergence Detected,2023-02-10T14:30:01.000Z
668396241,"BATS:VNQI, 1D",,Positive Divergence Detected,2023-02-10T14:30:02.000Z
668397070,"BATS:VPL, 1D",,Positive Divergence Detected,2023-02-10T14:30:01.000Z
668335455,"BATS:FXI, 1D",,Positive Divergence Detected,2023-02-10T14:30:01.000Z
668336444,"BATS:ICLN, 1D",,Positive Divergence Detected,2023-02-10T14:30:00.000Z
668334950,"BATS:EWY, 1D",,Positive Divergence Detected,2023-02-10T14:30:01.000Z
668332972,"BATS:EFG, 1D",,Positive Divergence Detected,2023-02-10T14:30:00.000Z
668388902,"BATS:SIL, 1D",,Positive Divergence Detected,2023-02-10T14:30:00.000Z
668371192,"BATS:ITM, 1D",,Positive Divergence Detected,2023-02-10T14:30:00.000Z
668331766,"BATS:BSV, 1D",,Positive Divergence Detected,2023-02-10T14:30:00.000Z
668373743,"BATS:JNK, 1D",,Positive Divergence Detected,2023-02-10T14:30:00.000Z
668333452,"BATS:EWA, 1D",,Positive Divergence Detected,2023-02-10T14:30:00.000Z
668379824,"BATS:MOO, 1D",,Positive Divergence Detected,2023-02-10T14:30:00.000Z
668393239,"BATS:THD, 1D",,Positive Divergence Detected,2023-02-10T14:30:00.000Z
668420630,"BATS:SUB, 1D",,Positive Divergence Detected,2023-02-10T14:30:00.000Z
668393725,"BATS:UPST, 1D",,Positive Divergence Detected,2023-02-10T14:30:00.000Z
668381373,"BATS:PFF, 1D",,Positive Divergence Detected,2023-02-09T20:59:54.000Z
668400145,"BATS:XBI, 1D",,Positive Divergence Detected,2023-02-09T20:32:16.000Z
668336307,"BATS:HYD, 1D",,Positive Divergence Detected,2023-02-09T19:35:15.000Z
668336210,"BATS:HDV, 1D",,Positive Divergence Detected,2023-02-09T19:34:28.000Z
668397070,"BATS:VPL, 1D",,Positive Divergence Detected,2023-02-09T19:28:11.000Z
668390211,"BATS:SPLB, 1D",,Positive Divergence Detected,2023-02-09T19:27:57.000Z
668388633,"BATS:SHY, 1D",,Positive Divergence Detected,2023-02-09T19:02:38.000Z
668394914,"BATS:VGSH, 1D",,Positive Divergence Detected,2023-02-09T19:02:29.000Z
668371192,"BATS:ITM, 1D",,Positive Divergence Detected,2023-02-09T18:05:07.000Z
668390483,"BATS:SPLV, 1D",,Positive Divergence Detected,2023-02-09T17:45:40.000Z
668333452,"BATS:EWA, 1D",,Positive Divergence Detected,2023-02-09T17:35:22.000Z
668379824,"BATS:MOO, 1D",,Positive Divergence Detected,2023-02-09T16:11:57.000Z
668393239,"BATS:THD, 1D",,Positive Divergence Detected,2023-02-09T16:11:08.000Z
668389440,"BATS:SLV, 1D",,Positive Divergence Detected,2023-02-09T16:07:04.000Z
668331766,"BATS:BSV, 1D",,Positive Divergence Detected,2023-02-09T15:31:30.000Z
668388902,"BATS:SIL, 1D",,Positive Divergence Detected,2023-02-09T15:29:31.000Z
668336444,"BATS:ICLN, 1D",,Positive Divergence Detected,2023-02-09T15:18:26.000Z
668379381,"BATS:MLN, 1D",,Positive Divergence Detected,2023-02-09T15:05:05.000Z
668335578,"BATS:GDX, 1D",,Positive Divergence Detected,2023-02-09T15:00:54.000Z
668470775,"BATS:XLF, 1D",,Negative Divergence Detected,2023-02-09T14:51:03.000Z
668420630,"BATS:SUB, 1D",,Positive Divergence Detected,2023-02-09T14:50:03.000Z
668430408,"BATS:CIBR, 1D",,Negative Divergence Detected,2023-02-09T14:39:21.000Z
668438056,"BATS:ITA, 1D",,Negative Divergence Detected,2023-02-09T14:30:43.000Z
668471387,"BATS:XLV, 1D",,Negative Divergence Detected,2023-02-09T14:30:01.000Z
668334213,"BATS:EWM, 1D",,Positive Divergence Detected,2023-02-09T14:30:01.000Z
668434013,"BATS:EWU, 1D",,Negative Divergence Detected,2023-02-09T14:30:00.000Z
668412498,"BATS:DOG, 1D",,Positive Divergence Detected,2023-02-09T14:30:00.000Z
668442020,"BATS:OIH, 1D",,Negative Divergence Detected,2023-02-08T20:38:23.000Z
668471387,"BATS:XLV, 1D",,Negative Divergence Detected,2023-02-08T18:20:04.000Z
668402967,"BATS:XLU, 1D",,Positive Divergence Detected,2023-02-08T17:14:20.000Z
668332137,"BATS:CPER, 1D",,Positive Divergence Detected,2023-02-08T16:42:20.000Z
668397070,"BATS:VPL, 1D",,Positive Divergence Detected,2023-02-08T15:43:19.000Z
668371192,"BATS:ITM, 1D",,Positive Divergence Detected,2023-02-08T15:26:02.000Z
668468157,"BATS:UUP, 1D",,Negative Divergence Detected,2023-02-08T15:11:10.000Z
668470775,"BATS:XLF, 1D",,Negative Divergence Detected,2023-02-08T14:58:30.000Z
668379381,"BATS:MLN, 1D",,Positive Divergence Detected,2023-02-08T14:56:04.000Z
668336444,"BATS:ICLN, 1D",,Positive Divergence Detected,2023-02-08T14:55:52.000Z
668390211,"BATS:SPLB, 1D",,Positive Divergence Detected,2023-02-08T14:50:00.000Z
668335578,"BATS:GDX, 1D",,Positive Divergence Detected,2023-02-08T14:50:00.000Z
668388902,"BATS:SIL, 1D",,Positive Divergence Detected,2023-02-08T14:49:22.000Z
668425531,"BATS:VFC, 1D",,Positive Divergence Detected,2023-02-08T14:44:23.000Z
668331766,"BATS:BSV, 1D",,Positive Divergence Detected,2023-02-08T14:32:37.000Z
668379824,"BATS:MOO, 1D",,Positive Divergence Detected,2023-02-08T14:30:02.000Z
668379143,"BATS:MCHI, 1D",,Positive Divergence Detected,2023-02-08T14:30:02.000Z
668335455,"BATS:FXI, 1D",,Positive Divergence Detected,2023-02-08T14:30:01.000Z
668335949,"BATS:GOVT, 1D",,Positive Divergence Detected,2023-02-08T14:30:02.000Z
668331659,"BATS:BLV, 1D",,Positive Divergence Detected,2023-02-08T14:30:01.000Z
668328648,"BATS:AGG, 1D",,Positive Divergence Detected,2023-02-08T14:30:01.000Z
668333452,"BATS:EWA, 1D",,Positive Divergence Detected,2023-02-08T14:30:00.000Z
668420630,"BATS:SUB, 1D",,Positive Divergence Detected,2023-02-08T14:30:00.000Z
668393239,"BATS:THD, 1D",,Positive Divergence Detected,2023-02-08T14:30:00.000Z
668334213,"BATS:EWM, 1D",,Positive Divergence Detected,2023-02-08T14:30:00.000Z
668461542,"BATS:PEJ, 1D",,Negative Divergence Detected,2023-02-07T20:56:09.000Z
668412498,"BATS:DOG, 1D",,Positive Divergence Detected,2023-02-07T20:54:02.000Z
668438056,"BATS:ITA, 1D",,Negative Divergence Detected,2023-02-07T20:39:31.000Z
668467401,"BATS:SPYG, 1D",,Negative Divergence Detected,2023-02-07T17:53:38.000Z
668331766,"BATS:BSV, 1D",,Positive Divergence Detected,2023-02-07T17:04:53.000Z
668470775,"BATS:XLF, 1D",,Negative Divergence Detected,2023-02-07T16:34:37.000Z
668336210,"BATS:HDV, 1D",,Positive Divergence Detected,2023-02-07T15:50:13.000Z
668334950,"BATS:EWY, 1D",,Positive Divergence Detected,2023-02-07T15:30:04.000Z
668398276,"BATS:VSS, 1D",,Positive Divergence Detected,2023-02-07T15:10:57.000Z
668390483,"BATS:SPLV, 1D",,Positive Divergence Detected,2023-02-07T14:51:12.000Z
668331900,"BATS:BWX, 1D",,Positive Divergence Detected,2023-02-07T14:50:03.000Z
668335455,"BATS:FXI, 1D",,Positive Divergence Detected,2023-02-07T14:50:02.000Z
668390211,"BATS:SPLB, 1D",,Positive Divergence Detected,2023-02-07T14:41:11.000Z
668332972,"BATS:EFG, 1D",,Positive Divergence Detected,2023-02-07T14:36:24.000Z
668336444,"BATS:ICLN, 1D",,Positive Divergence Detected,2023-02-07T14:35:45.000Z
668379143,"BATS:MCHI, 1D",,Positive Divergence Detected,2023-02-07T14:35:43.000Z
668396241,"BATS:VNQI, 1D",,Positive Divergence Detected,2023-02-07T14:30:02.000Z
668372947,"BATS:IXJ, 1D",,Positive Divergence Detected,2023-02-07T14:30:02.000Z
668335578,"BATS:GDX, 1D",,Positive Divergence Detected,2023-02-07T14:30:02.000Z
668468157,"BATS:UUP, 1D",,Negative Divergence Detected,2023-02-07T14:30:03.000Z
668331659,"BATS:BLV, 1D",,Positive Divergence Detected,2023-02-07T14:30:02.000Z
668335949,"BATS:GOVT, 1D",,Positive Divergence Detected,2023-02-07T14:30:02.000Z
668373984,"BATS:JPST, 1D",,Positive Divergence Detected,2023-02-07T14:30:01.000Z
668334213,"BATS:EWM, 1D",,Positive Divergence Detected,2023-02-07T14:30:01.000Z
668425531,"BATS:VFC, 1D",,Positive Divergence Detected,2023-02-07T14:30:01.000Z
668393239,"BATS:THD, 1D",,Positive Divergence Detected,2023-02-07T14:30:01.000Z
668336545,"BATS:IDV, 1D",,Positive Divergence Detected,2023-02-07T14:30:01.000Z
668397070,"BATS:VPL, 1D",,Positive Divergence Detected,2023-02-07T14:30:01.000Z
668420630,"BATS:SUB, 1D",,Positive Divergence Detected,2023-02-07T14:30:00.000Z
668336307,"BATS:HYD, 1D",,Positive Divergence Detected,2023-02-07T14:30:00.000Z
668379824,"BATS:MOO, 1D",,Positive Divergence Detected,2023-02-07T14:30:00.000Z
668388902,"BATS:SIL, 1D",,Positive Divergence Detected,2023-02-07T14:30:00.000Z
668387807,"BATS:SCHP, 1D",,Positive Divergence Detected,2023-02-07T14:30:00.000Z
668332137,"BATS:CPER, 1D",,Positive Divergence Detected,2023-02-07T14:30:00.000Z
668333452,"BATS:EWA, 1D",,Positive Divergence Detected,2023-02-07T14:30:00.000Z
668369692,"BATS:IHF, 1D",,Positive Divergence Detected,2023-02-07T14:30:00.000Z
668389440,"BATS:SLV, 1D",,Positive Divergence Detected,2023-02-07T14:30:00.000Z
668379381,"BATS:MLN, 1D",,Positive Divergence Detected,2023-02-07T14:30:00.000Z
668372947,"BATS:IXJ, 1D",,Positive Divergence Detected,2023-02-06T20:30:29.000Z
668425531,"BATS:VFC, 1D",,Positive Divergence Detected,2023-02-06T16:45:51.000Z
668331900,"BATS:BWX, 1D",,Positive Divergence Detected,2023-02-06T15:33:07.000Z
668379381,"BATS:MLN, 1D",,Positive Divergence Detected,2023-02-06T15:07:56.000Z
668336082,"BATS:GSG, 1D",,Positive Divergence Detected,2023-02-06T15:01:27.000Z
668332292,"BATS:DBC, 1D",,Positive Divergence Detected,2023-02-06T14:45:19.000Z
668336210,"BATS:HDV, 1D",,Positive Divergence Detected,2023-02-06T14:45:12.000Z
668388633,"BATS:SHY, 1D",,Positive Divergence Detected,2023-02-06T14:30:02.000Z
668398276,"BATS:VSS, 1D",,Positive Divergence Detected,2023-02-06T14:30:02.000Z
668335455,"BATS:FXI, 1D",,Positive Divergence Detected,2023-02-06T14:30:01.000Z
668336307,"BATS:HYD, 1D",,Positive Divergence Detected,2023-02-06T14:30:01.000Z
668369692,"BATS:IHF, 1D",,Positive Divergence Detected,2023-02-06T14:30:01.000Z
668394914,"BATS:VGSH, 1D",,Positive Divergence Detected,2023-02-06T14:30:01.000Z
668396241,"BATS:VNQI, 1D",,Positive Divergence Detected,2023-02-06T14:30:01.000Z
668405034,"BATS:XOP, 1D",,Positive Divergence Detected,2023-02-06T14:30:01.000Z
668333452,"BATS:EWA, 1D",,Positive Divergence Detected,2023-02-06T14:30:01.000Z
668420630,"BATS:SUB, 1D",,Positive Divergence Detected,2023-02-06T14:30:01.000Z
668331766,"BATS:BSV, 1D",,Positive Divergence Detected,2023-02-06T14:30:01.000Z
668379143,"BATS:MCHI, 1D",,Positive Divergence Detected,2023-02-06T14:30:01.000Z
668332137,"BATS:CPER, 1D",,Positive Divergence Detected,2023-02-06T14:30:01.000Z
668335949,"BATS:GOVT, 1D",,Positive Divergence Detected,2023-02-06T14:30:01.000Z
668387807,"BATS:SCHP, 1D",,Positive Divergence Detected,2023-02-06T14:30:01.000Z
668335578,"BATS:GDX, 1D",,Positive Divergence Detected,2023-02-06T14:30:00.000Z
668393239,"BATS:THD, 1D",,Positive Divergence Detected,2023-02-06T14:30:00.000Z
668397070,"BATS:VPL, 1D",,Positive Divergence Detected,2023-02-06T14:30:00.000Z
668389440,"BATS:SLV, 1D",,Positive Divergence Detected,2023-02-06T14:30:00.000Z
668334950,"BATS:EWY, 1D",,Positive Divergence Detected,2023-02-06T14:30:00.000Z
668334213,"BATS:EWM, 1D",,Positive Divergence Detected,2023-02-06T14:30:00.000Z
668379824,"BATS:MOO, 1D",,Positive Divergence Detected,2023-02-06T14:30:00.000Z
668373984,"BATS:JPST, 1D",,Positive Divergence Detected,2023-02-06T14:30:00.000Z
668331659,"BATS:BLV, 1D",,Positive Divergence Detected,2023-02-06T14:30:00.000Z
668390211,"BATS:SPLB, 1D",,Positive Divergence Detected,2023-02-06T14:30:00.000Z
668388902,"BATS:SIL, 1D",,Positive Divergence Detected,2023-02-06T14:30:00.000Z
668370304,"BATS:INDA, 1D",,Positive Divergence Detected,2023-02-06T14:30:00.000Z
668333966,"BATS:EWJ, 1D",,Positive Divergence Detected,2023-02-06T14:30:00.000Z
668468157,"BATS:UUP, 1D",,Negative Divergence Detected,2023-02-06T14:30:00.000Z
668328648,"BATS:AGG, 1D",,Positive Divergence Detected,2023-02-06T14:30:00.000Z
668418938,"BATS:REMX, 1D",,Positive Divergence Detected,2023-02-06T14:30:00.000Z
668336545,"BATS:IDV, 1D",,Positive Divergence Detected,2023-02-06T14:30:00.000Z
668405034,"BATS:XOP, 1D",,Positive Divergence Detected,2023-02-03T20:51:43.000Z
668369692,"BATS:IHF, 1D",,Positive Divergence Detected,2023-02-03T20:40:11.000Z
668333452,"BATS:EWA, 1D",,Positive Divergence Detected,2023-02-03T18:45:45.000Z
668397070,"BATS:VPL, 1D",,Positive Divergence Detected,2023-02-03T18:45:09.000Z
668336210,"BATS:HDV, 1D",,Positive Divergence Detected,2023-02-03T18:08:02.000Z
668437044,"BATS:IHE, 1D",,Negative Divergence Detected,2023-02-03T17:24:19.000Z
668437900,"BATS:IOO, 1D",,Negative Divergence Detected,2023-02-03T16:35:57.000Z
668438786,"BATS:IVV, 1D",,Negative Divergence Detected,2023-02-03T16:35:42.000Z
668417486,"BATS:PSQ, 1D",,Positive Divergence Detected,2023-02-03T16:31:19.000Z
668439064,"BATS:IWF, 1D",,Negative Divergence Detected,2023-02-03T16:15:13.000Z
668461542,"BATS:PEJ, 1D",,Negative Divergence Detected,2023-02-03T15:53:18.000Z
668461906,"BATS:QQQ, 1D",,Negative Divergence Detected,2023-02-03T15:47:49.000Z
668466601,"BATS:SMH, 1D",,Negative Divergence Detected,2023-02-03T15:47:22.000Z
668439392,"BATS:IWN, 1D",,Negative Divergence Detected,2023-02-03T15:39:02.000Z
668439526,"BATS:IWO, 1D",,Negative Divergence Detected,2023-02-03T15:37:47.000Z
668412498,"BATS:DOG, 1D",,Positive Divergence Detected,2023-02-03T15:36:55.000Z
668470775,"BATS:XLF, 1D",,Negative Divergence Detected,2023-02-03T15:34:03.000Z
668470900,"BATS:XLI, 1D",,Negative Divergence Detected,2023-02-03T15:28:12.000Z
668467401,"BATS:SPYG, 1D",,Negative Divergence Detected,2023-02-03T15:16:14.000Z
668440696,"BATS:KBE, 1D",,Negative Divergence Detected,2023-02-03T15:13:19.000Z
668390483,"BATS:SPLV, 1D",,Positive Divergence Detected,2023-02-03T15:08:08.000Z
668387807,"BATS:SCHP, 1D",,Positive Divergence Detected,2023-02-03T15:06:59.000Z
668328648,"BATS:AGG, 1D",,Positive Divergence Detected,2023-02-03T15:02:38.000Z
668379143,"BATS:MCHI, 1D",,Positive Divergence Detected,2023-02-03T15:01:56.000Z
668335949,"BATS:GOVT, 1D",,Positive Divergence Detected,2023-02-03T15:00:37.000Z
668402967,"BATS:XLU, 1D",,Positive Divergence Detected,2023-02-03T14:52:08.000Z
668468015,"BATS:UPST, 1D",,Negative Divergence Detected,2023-02-03T14:48:40.000Z
668420934,"BATS:UPST, 1D",,Negative Divergence Detected,2023-02-03T14:48:40.000Z
668420630,"BATS:SUB, 1D",,Positive Divergence Detected,2023-02-03T14:30:03.000Z
668388902,"BATS:SIL, 1D",,Positive Divergence Detected,2023-02-03T14:30:03.000Z
668334213,"BATS:EWM, 1D",,Positive Divergence Detected,2023-02-03T14:30:02.000Z
668370304,"BATS:INDA, 1D",,Positive Divergence Detected,2023-02-03T14:30:01.000Z
668332137,"BATS:CPER, 1D",,Positive Divergence Detected,2023-02-03T14:30:02.000Z
668425531,"BATS:VFC, 1D",,Positive Divergence Detected,2023-02-03T14:30:02.000Z
668335455,"BATS:FXI, 1D",,Positive Divergence Detected,2023-02-03T14:30:03.000Z
668394914,"BATS:VGSH, 1D",,Positive Divergence Detected,2023-02-03T14:30:02.000Z
668332292,"BATS:DBC, 1D",,Positive Divergence Detected,2023-02-03T14:30:01.000Z
668389440,"BATS:SLV, 1D",,Positive Divergence Detected,2023-02-03T14:30:00.000Z
668468157,"BATS:UUP, 1D",,Negative Divergence Detected,2023-02-03T14:30:00.000Z
668335578,"BATS:GDX, 1D",,Positive Divergence Detected,2023-02-03T14:30:00.000Z
668420630,"BATS:SUB, 1D",,Positive Divergence Detected,2023-02-02T20:35:00.000Z
668335455,"BATS:FXI, 1D",,Positive Divergence Detected,2023-02-02T19:56:53.000Z
668332292,"BATS:DBC, 1D",,Positive Divergence Detected,2023-02-02T19:31:42.000Z
668431545,"BATS:EFG, 1D",,Negative Divergence Detected,2023-02-02T18:12:39.000Z
668389440,"BATS:SLV, 1D",,Positive Divergence Detected,2023-02-02T16:48:31.000Z
668429948,"BATS:BWX, 1D",,Negative Divergence Detected,2023-02-02T16:12:43.000Z
668462167,"BATS:ROBO, 1D",,Negative Divergence Detected,2023-02-02T15:52:59.000Z
668432398,"BATS:EWD, 1D",,Negative Divergence Detected,2023-02-02T15:32:22.000Z
668471276,"BATS:XLU, 1D",,Negative Divergence Detected,2023-02-02T15:31:59.000Z
668435901,"BATS:HYD, 1D",,Negative Divergence Detected,2023-02-02T15:19:20.000Z
668468157,"BATS:UUP, 1D",,Negative Divergence Detected,2023-02-02T15:09:11.000Z
668405034,"BATS:XOP, 1D",,Positive Divergence Detected,2023-02-02T14:59:03.000Z
668334213,"BATS:EWM, 1D",,Positive Divergence Detected,2023-02-02T14:57:39.000Z
668422464,"BATS:XLE, 1D",,Positive Divergence Detected,2023-02-02T14:52:03.000Z
668466734,"BATS:SPHQ, 1D",,Negative Divergence Detected,2023-02-02T14:38:24.000Z
668437388,"BATS:IHI, 1D",,Negative Divergence Detected,2023-02-02T14:34:21.000Z
668436515,"BATS:IGF, 1D",,Negative Divergence Detected,2023-02-02T14:33:03.000Z
668370304,"BATS:INDA, 1D",,Positive Divergence Detected,2023-02-02T14:30:29.000Z
668469179,"BATS:VNQ, 1D",,Negative Divergence Detected,2023-02-02T14:30:04.000Z
668417486,"BATS:PSQ, 1D",,Positive Divergence Detected,2023-02-02T14:30:02.000Z
668441855,"BATS:NOBL, 1D",,Negative Divergence Detected,2023-02-02T14:30:02.000Z
668436695,"BATS:IGIB, 1D",,Negative Divergence Detected,2023-02-02T14:30:02.000Z
668437900,"BATS:IOO, 1D",,Negative Divergence Detected,2023-02-02T14:30:02.000Z
668439064,"BATS:IWF, 1D",,Negative Divergence Detected,2023-02-02T14:30:02.000Z
668440984,"BATS:LQD, 1D",,Negative Divergence Detected,2023-02-02T14:30:03.000Z
668461906,"BATS:QQQ, 1D",,Negative Divergence Detected,2023-02-02T14:30:02.000Z
668430408,"BATS:CIBR, 1D",,Negative Divergence Detected,2023-02-02T14:30:02.000Z
668438786,"BATS:IVV, 1D",,Negative Divergence Detected,2023-02-02T14:30:02.000Z
668440342,"BATS:JNK, 1D",,Negative Divergence Detected,2023-02-02T14:30:02.000Z
668470062,"BATS:VXUS, 1D",,Negative Divergence Detected,2023-02-02T14:30:02.000Z
668435412,"BATS:GOVT, 1D",,Negative Divergence Detected,2023-02-02T14:30:02.000Z
668434644,"BATS:FIW, 1D",,Negative Divergence Detected,2023-02-02T14:30:02.000Z
668436339,"BATS:IEF, 1D",,Negative Divergence Detected,2023-02-02T14:30:02.000Z
668428724,"BATS:BLV, 1D",,Negative Divergence Detected,2023-02-02T14:30:02.000Z
668427525,"BATS:AGG, 1D",,Negative Divergence Detected,2023-02-02T14:30:02.000Z
668465955,"BATS:SHY, 1D",,Negative Divergence Detected,2023-02-02T14:30:02.000Z
668467919,"BATS:TLT, 1D",,Negative Divergence Detected,2023-02-02T14:30:02.000Z
668468675,"BATS:VGSH, 1D",,Negative Divergence Detected,2023-02-02T14:30:02.000Z
668468447,"BATS:VFC, 1D",,Negative Divergence Detected,2023-02-02T14:30:02.000Z
668468015,"BATS:UPST, 1D",,Negative Divergence Detected,2023-02-02T14:30:02.000Z
668469298,"BATS:VNQI, 1D",,Negative Divergence Detected,2023-02-02T14:30:02.000Z
668436043,"BATS:ICLN, 1D",,Negative Divergence Detected,2023-02-02T14:30:02.000Z
668470775,"BATS:XLF, 1D",,Negative Divergence Detected,2023-02-02T14:30:02.000Z
668470184,"BATS:WOOD, 1D",,Negative Divergence Detected,2023-02-02T14:30:02.000Z
668440842,"BATS:LIT, 1D",,Negative Divergence Detected,2023-02-02T14:30:02.000Z
668464665,"BATS:SH, 1D",,Positive Divergence Detected,2023-02-02T14:30:02.000Z
668440696,"BATS:KBE, 1D",,Negative Divergence Detected,2023-02-02T14:30:02.000Z
668469552,"BATS:VONV, 1D",,Negative Divergence Detected,2023-02-02T14:30:02.000Z
668336082,"BATS:GSG, 1D",,Positive Divergence Detected,2023-02-02T14:30:02.000Z
668469412,"BATS:VO, 1D",,Negative Divergence Detected,2023-02-02T14:30:02.000Z
668461542,"BATS:PEJ, 1D",,Negative Divergence Detected,2023-02-02T14:30:02.000Z
668466601,"BATS:SMH, 1D",,Negative Divergence Detected,2023-02-02T14:30:02.000Z
668466853,"BATS:SPLB, 1D",,Negative Divergence Detected,2023-02-02T14:30:02.000Z
668420934,"BATS:UPST, 1D",,Negative Divergence Detected,2023-02-02T14:30:02.000Z
668439526,"BATS:IWO, 1D",,Negative Divergence Detected,2023-02-02T14:30:01.000Z
668467132,"BATS:SPTL, 1D",,Negative Divergence Detected,2023-02-02T14:30:01.000Z
668428518,"BATS:AOM, 1D",,Negative Divergence Detected,2023-02-02T14:30:01.000Z
668441442,"BATS:MOAT, 1D",,Negative Divergence Detected,2023-02-02T14:30:01.000Z
668438595,"BATS:ITOT, 1D",,Negative Divergence Detected,2023-02-02T14:30:01.000Z
668412498,"BATS:DOG, 1D",,Positive Divergence Detected,2023-02-02T14:30:02.000Z
668439392,"BATS:IWN, 1D",,Negative Divergence Detected,2023-02-02T14:30:01.000Z
668467401,"BATS:SPYG, 1D",,Negative Divergence Detected,2023-02-02T14:30:01.000Z
668471538,"BATS:XLY, 1D",,Negative Divergence Detected,2023-02-02T14:30:01.000Z
668466185,"BATS:SKYY, 1D",,Negative Divergence Detected,2023-02-02T14:30:01.000Z
668466448,"BATS:SLV, 1D",,Negative Divergence Detected,2023-02-02T14:30:01.000Z
668428891,"BATS:BSV, 1D",,Negative Divergence Detected,2023-02-02T14:30:01.000Z
668332137,"BATS:CPER, 1D",,Positive Divergence Detected,2023-02-02T14:30:01.000Z
668467263,"BATS:SPYD, 1D",,Negative Divergence Detected,2023-02-02T14:30:01.000Z
668434460,"BATS:FDN, 1D",,Negative Divergence Detected,2023-02-02T14:30:01.000Z
668469809,"BATS:VSS, 1D",,Negative Divergence Detected,2023-02-02T14:30:01.000Z
668438940,"BATS:IWB, 1D",,Negative Divergence Detected,2023-02-02T14:30:01.000Z
668413584,"BATS:FDN, 1D",,Negative Divergence Detected,2023-02-02T14:30:00.000Z
668438056,"BATS:ITA, 1D",,Negative Divergence Detected,2023-02-02T14:30:00.000Z
668470900,"BATS:XLI, 1D",,Negative Divergence Detected,2023-02-02T14:30:00.000Z
668468804,"BATS:VIG, 1D",,Negative Divergence Detected,2023-02-02T14:30:00.000Z
668466319,"BATS:SLV, 1D",,Negative Divergence Detected,2023-02-02T14:30:00.000Z
668469809,"BATS:VSS, 1D",,Negative Divergence Detected,2023-02-01T20:41:38.000Z
668436515,"BATS:IGF, 1D",,Negative Divergence Detected,2023-02-01T20:39:31.000Z
668432042,"BATS:ESGU, 1D",,Negative Divergence Detected,2023-02-01T20:38:00.000Z
668442181,"BATS:PBJ, 1D",,Negative Divergence Detected,2023-02-01T20:37:07.000Z
668466734,"BATS:SPHQ, 1D",,Negative Divergence Detected,2023-02-01T20:36:35.000Z
668469298,"BATS:VNQI, 1D",,Negative Divergence Detected,2023-02-01T20:36:35.000Z
668470062,"BATS:VXUS, 1D",,Negative Divergence Detected,2023-02-01T20:35:52.000Z
668462167,"BATS:ROBO, 1D",,Negative Divergence Detected,2023-02-01T20:22:34.000Z
668466319,"BATS:SLV, 1D",,Negative Divergence Detected,2023-02-01T20:10:56.000Z
668466448,"BATS:SLV, 1D",,Negative Divergence Detected,2023-02-01T20:10:56.000Z
668469552,"BATS:VONV, 1D",,Negative Divergence Detected,2023-02-01T20:06:34.000Z
668467527,"BATS:SPYV, 1D",,Negative Divergence Detected,2023-02-01T20:04:13.000Z
668468015,"BATS:UPST, 1D",,Negative Divergence Detected,2023-02-01T20:04:08.000Z
668420934,"BATS:UPST, 1D",,Negative Divergence Detected,2023-02-01T20:04:08.000Z
668412498,"BATS:DOG, 1D",,Positive Divergence Detected,2023-02-01T19:54:15.000Z
668436043,"BATS:ICLN, 1D",,Negative Divergence Detected,2023-02-01T19:53:07.000Z
668461542,"BATS:PEJ, 1D",,Negative Divergence Detected,2023-02-01T19:51:22.000Z
668466601,"BATS:SMH, 1D",,Negative Divergence Detected,2023-02-01T19:50:19.000Z
668437044,"BATS:IHE, 1D",,Negative Divergence Detected,2023-02-01T19:47:44.000Z
668437900,"BATS:IOO, 1D",,Negative Divergence Detected,2023-02-01T19:46:09.000Z
668440342,"BATS:JNK, 1D",,Negative Divergence Detected,2023-02-01T19:45:01.000Z
668440842,"BATS:LIT, 1D",,Negative Divergence Detected,2023-02-01T19:44:33.000Z
668428724,"BATS:BLV, 1D",,Negative Divergence Detected,2023-02-01T19:43:56.000Z
668469179,"BATS:VNQ, 1D",,Negative Divergence Detected,2023-02-01T19:43:42.000Z
668470775,"BATS:XLF, 1D",,Negative Divergence Detected,2023-02-01T19:43:41.000Z
668470532,"BATS:XLC, 1D",,Negative Divergence Detected,2023-02-01T19:43:41.000Z
668470411,"BATS:XLB, 1D",,Negative Divergence Detected,2023-02-01T19:43:31.000Z
668471024,"BATS:XLK, 1D",,Negative Divergence Detected,2023-02-01T19:43:31.000Z
668428518,"BATS:AOM, 1D",,Negative Divergence Detected,2023-02-01T19:43:30.000Z
668466853,"BATS:SPLB, 1D",,Negative Divergence Detected,2023-02-01T19:43:18.000Z
668440984,"BATS:LQD, 1D",,Negative Divergence Detected,2023-02-01T19:42:14.000Z
668467263,"BATS:SPYD, 1D",,Negative Divergence Detected,2023-02-01T19:41:28.000Z
668427525,"BATS:AGG, 1D",,Negative Divergence Detected,2023-02-01T19:41:19.000Z
668464665,"BATS:SH, 1D",,Positive Divergence Detected,2023-02-01T19:41:08.000Z
668467401,"BATS:SPYG, 1D",,Negative Divergence Detected,2023-02-01T19:41:08.000Z
668438786,"BATS:IVV, 1D",,Negative Divergence Detected,2023-02-01T19:41:06.000Z
668466185,"BATS:SKYY, 1D",,Negative Divergence Detected,2023-02-01T19:40:22.000Z
668468804,"BATS:VIG, 1D",,Negative Divergence Detected,2023-02-01T19:40:19.000Z
668462281,"BATS:RSP, 1D",,Negative Divergence Detected,2023-02-01T19:40:06.000Z
668441855,"BATS:NOBL, 1D",,Negative Divergence Detected,2023-02-01T19:40:02.000Z
668417486,"BATS:PSQ, 1D",,Positive Divergence Detected,2023-02-01T19:39:30.000Z
668469412,"BATS:VO, 1D",,Negative Divergence Detected,2023-02-01T19:39:29.000Z
668461906,"BATS:QQQ, 1D",,Negative Divergence Detected,2023-02-01T19:39:27.000Z
668439064,"BATS:IWF, 1D",,Negative Divergence Detected,2023-02-01T19:39:16.000Z
668439392,"BATS:IWN, 1D",,Negative Divergence Detected,2023-02-01T19:39:15.000Z
668438595,"BATS:ITOT, 1D",,Negative Divergence Detected,2023-02-01T19:38:37.000Z
668413584,"BATS:FDN, 1D",,Negative Divergence Detected,2023-02-01T19:38:24.000Z
668434460,"BATS:FDN, 1D",,Negative Divergence Detected,2023-02-01T19:38:24.000Z
668470900,"BATS:XLI, 1D",,Negative Divergence Detected,2023-02-01T19:38:11.000Z
668468157,"BATS:UUP, 1D",,Negative Divergence Detected,2023-02-01T19:00:33.000Z
668394914,"BATS:VGSH, 1D",,Positive Divergence Detected,2023-02-01T19:00:15.000Z
668405034,"BATS:XOP, 1D",,Positive Divergence Detected,2023-02-01T17:07:18.000Z
668434644,"BATS:FIW, 1D",,Negative Divergence Detected,2023-02-01T16:32:19.000Z
668431218,"BATS:ECH, 1D",,Negative Divergence Detected,2023-02-01T15:50:35.000Z
668468447,"BATS:VFC, 1D",,Negative Divergence Detected,2023-02-01T15:32:20.000Z
668430408,"BATS:CIBR, 1D",,Negative Divergence Detected,2023-02-01T15:06:37.000Z
668332292,"BATS:DBC, 1D",,Positive Divergence Detected,2023-02-01T15:03:50.000Z
668389440,"BATS:SLV, 1D",,Positive Divergence Detected,2023-02-01T15:03:21.000Z
668390211,"BATS:SPLB, 1D",,Positive Divergence Detected,2023-02-01T15:00:09.000Z
668438940,"BATS:IWB, 1D",,Negative Divergence Detected,2023-02-01T14:55:05.000Z
668471538,"BATS:XLY, 1D",,Negative Divergence Detected,2023-02-01T14:54:06.000Z
668440696,"BATS:KBE, 1D",,Negative Divergence Detected,2023-02-01T14:51:43.000Z
668336307,"BATS:HYD, 1D",,Positive Divergence Detected,2023-02-01T14:50:15.000Z
668420630,"BATS:SUB, 1D",,Positive Divergence Detected,2023-02-01T14:50:09.000Z
668471387,"BATS:XLV, 1D",,Negative Divergence Detected,2023-02-01T14:47:37.000Z
668336082,"BATS:GSG, 1D",,Positive Divergence Detected,2023-02-01T14:47:34.000Z
668388902,"BATS:SIL, 1D",,Positive Divergence Detected,2023-02-01T14:40:14.000Z
668442020,"BATS:OIH, 1D",,Negative Divergence Detected,2023-02-01T14:34:37.000Z
668438056,"BATS:ITA, 1D",,Negative Divergence Detected,2023-02-01T14:34:21.000Z
668441442,"BATS:MOAT, 1D",,Negative Divergence Detected,2023-02-01T14:33:57.000Z
668436339,"BATS:IEF, 1D",,Negative Divergence Detected,2023-02-01T14:30:03.000Z
668332137,"BATS:CPER, 1D",,Positive Divergence Detected,2023-02-01T14:30:01.000Z
668467919,"BATS:TLT, 1D",,Negative Divergence Detected,2023-02-01T14:30:02.000Z
668467132,"BATS:SPTL, 1D",,Negative Divergence Detected,2023-02-01T14:30:02.000Z
668470184,"BATS:WOOD, 1D",,Negative Divergence Detected,2023-02-01T14:30:01.000Z
668373984,"BATS:JPST, 1D",,Positive Divergence Detected,2023-02-01T14:30:01.000Z
668441570,"BATS:MOO, 1D",,Negative Divergence Detected,2023-02-01T14:30:00.000Z
668370304,"BATS:INDA, 1D",,Positive Divergence Detected,2023-02-01T14:30:00.000Z
668435412,"BATS:GOVT, 1D",,Negative Divergence Detected,2023-02-01T14:30:00.000Z
668471146,"BATS:XLP, 1D",,Negative Divergence Detected,2023-02-01T14:30:00.000Z
668434460,"BATS:FDN, 1D",,Negative Divergence Detected,2023-01-31T20:59:45.000Z
668413584,"BATS:FDN, 1D",,Negative Divergence Detected,2023-01-31T20:59:45.000Z
668467401,"BATS:SPYG, 1D",,Negative Divergence Detected,2023-01-31T20:58:55.000Z
668441442,"BATS:MOAT, 1D",,Negative Divergence Detected,2023-01-31T20:56:03.000Z
668461542,"BATS:PEJ, 1D",,Negative Divergence Detected,2023-01-31T20:55:35.000Z
668438786,"BATS:IVV, 1D",,Negative Divergence Detected,2023-01-31T20:54:40.000Z
668468804,"BATS:VIG, 1D",,Negative Divergence Detected,2023-01-31T20:54:40.000Z
668438595,"BATS:ITOT, 1D",,Negative Divergence Detected,2023-01-31T20:54:14.000Z
668471146,"BATS:XLP, 1D",,Negative Divergence Detected,2023-01-31T20:50:38.000Z
668470900,"BATS:XLI, 1D",,Negative Divergence Detected,2023-01-31T20:45:03.000Z
668387807,"BATS:SCHP, 1D",,Positive Divergence Detected,2023-01-31T20:19:58.000Z
668441570,"BATS:MOO, 1D",,Negative Divergence Detected,2023-01-31T19:42:29.000Z
668467263,"BATS:SPYD, 1D",,Negative Divergence Detected,2023-01-31T19:04:20.000Z
668439392,"BATS:IWN, 1D",,Negative Divergence Detected,2023-01-31T18:50:46.000Z
668441855,"BATS:NOBL, 1D",,Negative Divergence Detected,2023-01-31T18:41:57.000Z
668470775,"BATS:XLF, 1D",,Negative Divergence Detected,2023-01-31T18:41:37.000Z
668434644,"BATS:FIW, 1D",,Negative Divergence Detected,2023-01-31T17:54:18.000Z
668438056,"BATS:ITA, 1D",,Negative Divergence Detected,2023-01-31T17:20:05.000Z
668440696,"BATS:KBE, 1D",,Negative Divergence Detected,2023-01-31T17:19:12.000Z
668439235,"BATS:IWM, 1D",,Negative Divergence Detected,2023-01-31T16:42:08.000Z
668470411,"BATS:XLB, 1D",,Negative Divergence Detected,2023-01-31T15:50:27.000Z
668471538,"BATS:XLY, 1D",,Negative Divergence Detected,2023-01-31T15:44:12.000Z
668442020,"BATS:OIH, 1D",,Negative Divergence Detected,2023-01-31T15:44:04.000Z
668331659,"BATS:BLV, 1D",,Positive Divergence Detected,2023-01-31T15:24:47.000Z
668390211,"BATS:SPLB, 1D",,Positive Divergence Detected,2023-01-31T15:24:46.000Z
668336210,"BATS:HDV, 1D",,Positive Divergence Detected,2023-01-31T14:50:21.000Z
668370304,"BATS:INDA, 1D",,Positive Divergence Detected,2023-01-31T14:36:13.000Z
668468157,"BATS:UUP, 1D",,Negative Divergence Detected,2023-01-31T14:35:44.000Z
668332292,"BATS:DBC, 1D",,Positive Divergence Detected,2023-01-31T14:31:45.000Z
668336082,"BATS:GSG, 1D",,Positive Divergence Detected,2023-01-31T14:31:08.000Z
668389440,"BATS:SLV, 1D",,Positive Divergence Detected,2023-01-31T14:30:02.000Z
668332137,"BATS:CPER, 1D",,Positive Divergence Detected,2023-01-31T14:30:02.000Z
668468015,"BATS:UPST, 1D",,Negative Divergence Detected,2023-01-31T14:30:01.000Z
668372947,"BATS:IXJ, 1D",,Positive Divergence Detected,2023-01-31T14:30:01.000Z
668420934,"BATS:UPST, 1D",,Negative Divergence Detected,2023-01-31T14:30:01.000Z
668369369,"BATS:IHE, 1D",,Positive Divergence Detected,2023-01-31T14:30:01.000Z
668420630,"BATS:SUB, 1D",,Positive Divergence Detected,2023-01-30T20:33:48.000Z
668373743,"BATS:JNK, 1D",,Positive Divergence Detected,2023-01-30T20:30:57.000Z
668331659,"BATS:BLV, 1D",,Positive Divergence Detected,2023-01-30T17:31:37.000Z
668369369,"BATS:IHE, 1D",,Positive Divergence Detected,2023-01-30T17:26:14.000Z
668335949,"BATS:GOVT, 1D",,Positive Divergence Detected,2023-01-30T17:18:00.000Z
668468804,"BATS:VIG, 1D",,Negative Divergence Detected,2023-01-30T16:17:01.000Z
668461542,"BATS:PEJ, 1D",,Negative Divergence Detected,2023-01-30T15:12:11.000Z
668439235,"BATS:IWM, 1D",,Negative Divergence Detected,2023-01-30T15:11:16.000Z
668439392,"BATS:IWN, 1D",,Negative Divergence Detected,2023-01-30T15:10:25.000Z
668469412,"BATS:VO, 1D",,Negative Divergence Detected,2023-01-30T15:10:20.000Z
668471538,"BATS:XLY, 1D",,Negative Divergence Detected,2023-01-30T15:05:20.000Z
668440696,"BATS:KBE, 1D",,Negative Divergence Detected,2023-01-30T15:04:59.000Z
668467263,"BATS:SPYD, 1D",,Negative Divergence Detected,2023-01-30T15:03:47.000Z
668412498,"BATS:DOG, 1D",,Positive Divergence Detected,2023-01-30T14:48:12.000Z
668469179,"BATS:VNQ, 1D",,Negative Divergence Detected,2023-01-30T14:46:51.000Z
668470775,"BATS:XLF, 1D",,Negative Divergence Detected,2023-01-30T14:46:48.000Z
668470411,"BATS:XLB, 1D",,Negative Divergence Detected,2023-01-30T14:45:33.000Z
668441855,"BATS:NOBL, 1D",,Negative Divergence Detected,2023-01-30T14:36:10.000Z
668370304,"BATS:INDA, 1D",,Positive Divergence Detected,2023-01-30T14:32:25.000Z
668420934,"BATS:UPST, 1D",,Negative Divergence Detected,2023-01-30T14:31:33.000Z
668468015,"BATS:UPST, 1D",,Negative Divergence Detected,2023-01-30T14:31:33.000Z
668438056,"BATS:ITA, 1D",,Negative Divergence Detected,2023-01-30T14:30:04.000Z
668336444,"BATS:ICLN, 1D",,Positive Divergence Detected,2023-01-30T14:30:01.000Z
668336082,"BATS:GSG, 1D",,Positive Divergence Detected,2023-01-30T14:30:00.000Z
668390211,"BATS:SPLB, 1D",,Positive Divergence Detected,2023-01-30T14:30:01.000Z
668372947,"BATS:IXJ, 1D",,Positive Divergence Detected,2023-01-30T14:30:00.000Z
668332292,"BATS:DBC, 1D",,Positive Divergence Detected,2023-01-30T14:30:00.000Z
668332137,"BATS:CPER, 1D",,Positive Divergence Detected,2023-01-30T14:30:00.000Z
668420934,"BATS:UPST, 1D",,Negative Divergence Detected,2023-01-27T20:50:00.000Z
668468015,"BATS:UPST, 1D",,Negative Divergence Detected,2023-01-27T20:50:00.000Z
668420630,"BATS:SUB, 1D",,Positive Divergence Detected,2023-01-27T20:46:17.000Z
668428518,"BATS:AOM, 1D",,Negative Divergence Detected,2023-01-27T20:15:45.000Z
668469809,"BATS:VSS, 1D",,Negative Divergence Detected,2023-01-27T20:14:11.000Z
668471387,"BATS:XLV, 1D",,Negative Divergence Detected,2023-01-27T20:08:13.000Z
668467263,"BATS:SPYD, 1D",,Negative Divergence Detected,2023-01-27T19:23:31.000Z
668390211,"BATS:SPLB, 1D",,Positive Divergence Detected,2023-01-27T18:35:17.000Z
668439526,"BATS:IWO, 1D",,Negative Divergence Detected,2023-01-27T17:52:17.000Z
668433653,"BATS:EWS, 1D",,Negative Divergence Detected,2023-01-27T17:39:02.000Z
668332137,"BATS:CPER, 1D",,Positive Divergence Detected,2023-01-27T15:54:06.000Z
668461542,"BATS:PEJ, 1D",,Negative Divergence Detected,2023-01-27T15:16:14.000Z
668469552,"BATS:VONV, 1D",,Negative Divergence Detected,2023-01-27T15:10:16.000Z
668430408,"BATS:CIBR, 1D",,Negative Divergence Detected,2023-01-27T15:08:52.000Z
668440696,"BATS:KBE, 1D",,Negative Divergence Detected,2023-01-27T15:08:01.000Z
668439695,"BATS:IWP, 1D",,Negative Divergence Detected,2023-01-27T15:07:10.000Z
668441570,"BATS:MOO, 1D",,Negative Divergence Detected,2023-01-27T15:06:46.000Z
668441442,"BATS:MOAT, 1D",,Negative Divergence Detected,2023-01-27T15:06:36.000Z
668470411,"BATS:XLB, 1D",,Negative Divergence Detected,2023-01-27T15:05:36.000Z
668464665,"BATS:SH, 1D",,Positive Divergence Detected,2023-01-27T15:02:31.000Z
668389440,"BATS:SLV, 1D",,Positive Divergence Detected,2023-01-27T15:00:32.000Z
668472293,"BATS:XTN, 1D",,Negative Divergence Detected,2023-01-27T15:00:17.000Z
668432042,"BATS:ESGU, 1D",,Negative Divergence Detected,2023-01-27T15:00:01.000Z
668437900,"BATS:IOO, 1D",,Negative Divergence Detected,2023-01-27T14:52:39.000Z
668469298,"BATS:VNQI, 1D",,Negative Divergence Detected,2023-01-27T14:50:13.000Z
668439235,"BATS:IWM, 1D",,Negative Divergence Detected,2023-01-27T14:50:02.000Z
668438595,"BATS:ITOT, 1D",,Negative Divergence Detected,2023-01-27T14:50:01.000Z
668469412,"BATS:VO, 1D",,Negative Divergence Detected,2023-01-27T14:49:20.000Z
668462281,"BATS:RSP, 1D",,Negative Divergence Detected,2023-01-27T14:49:13.000Z
668471024,"BATS:XLK, 1D",,Negative Divergence Detected,2023-01-27T14:48:49.000Z
668470775,"BATS:XLF, 1D",,Negative Divergence Detected,2023-01-27T14:48:46.000Z
668438940,"BATS:IWB, 1D",,Negative Divergence Detected,2023-01-27T14:48:16.000Z
668417486,"BATS:PSQ, 1D",,Positive Divergence Detected,2023-01-27T14:47:41.000Z
668438786,"BATS:IVV, 1D",,Negative Divergence Detected,2023-01-27T14:47:36.000Z
668466185,"BATS:SKYY, 1D",,Negative Divergence Detected,2023-01-27T14:45:18.000Z
668434168,"BATS:EWY, 1D",,Negative Divergence Detected,2023-01-27T14:43:10.000Z
668461906,"BATS:QQQ, 1D",,Negative Divergence Detected,2023-01-27T14:43:10.000Z
668439392,"BATS:IWN, 1D",,Negative Divergence Detected,2023-01-27T14:41:33.000Z
668467401,"BATS:SPYG, 1D",,Negative Divergence Detected,2023-01-27T14:39:23.000Z
668434460,"BATS:FDN, 1D",,Negative Divergence Detected,2023-01-27T14:36:32.000Z
668413584,"BATS:FDN, 1D",,Negative Divergence Detected,2023-01-27T14:36:32.000Z
668439064,"BATS:IWF, 1D",,Negative Divergence Detected,2023-01-27T14:36:09.000Z
668336082,"BATS:GSG, 1D",,Positive Divergence Detected,2023-01-27T14:35:20.000Z
668440842,"BATS:LIT, 1D",,Negative Divergence Detected,2023-01-27T14:35:13.000Z
668440513,"BATS:JPST, 1D",,Negative Divergence Detected,2023-01-27T14:35:00.000Z
668470532,"BATS:XLC, 1D",,Negative Divergence Detected,2023-01-27T14:30:23.000Z
668370304,"BATS:INDA, 1D",,Positive Divergence Detected,2023-01-27T14:30:02.000Z
668471966,"BATS:XOP, 1D",,Negative Divergence Detected,2023-01-27T14:30:01.000Z
668372947,"BATS:IXJ, 1D",,Positive Divergence Detected,2023-01-27T14:30:01.000Z
668438056,"BATS:ITA, 1D",,Negative Divergence Detected,2023-01-27T14:30:00.000Z
668336444,"BATS:ICLN, 1D",,Positive Divergence Detected,2023-01-27T14:30:00.000Z
668471538,"BATS:XLY, 1D",,Negative Divergence Detected,2023-01-27T14:30:00.000Z
668471966,"BATS:XOP, 1D",,Negative Divergence Detected,2023-01-26T20:57:26.000Z
668462281,"BATS:RSP, 1D",,Negative Divergence Detected,2023-01-26T16:16:37.000Z
668390211,"BATS:SPLB, 1D",,Positive Divergence Detected,2023-01-26T15:54:15.000Z
668372947,"BATS:IXJ, 1D",,Positive Divergence Detected,2023-01-26T15:51:17.000Z
668434325,"BATS:EWZ, 1D",,Negative Divergence Detected,2023-01-26T15:24:14.000Z
668336082,"BATS:GSG, 1D",,Positive Divergence Detected,2023-01-26T15:11:44.000Z
668332137,"BATS:CPER, 1D",,Positive Divergence Detected,2023-01-26T15:10:57.000Z
668440034,"BATS:IXN, 1D",,Negative Divergence Detected,2023-01-26T15:10:21.000Z
668470184,"BATS:WOOD, 1D",,Negative Divergence Detected,2023-01-26T14:50:20.000Z
668462422,"BATS:SCHP, 1D",,Negative Divergence Detected,2023-01-26T14:42:02.000Z
668438595,"BATS:ITOT, 1D",,Negative Divergence Detected,2023-01-26T14:31:45.000Z
668430718,"BATS:DBC, 1D",,Negative Divergence Detected,2023-01-26T14:30:02.000Z
668434168,"BATS:EWY, 1D",,Negative Divergence Detected,2023-01-26T14:30:02.000Z
668430408,"BATS:CIBR, 1D",,Negative Divergence Detected,2023-01-26T14:30:02.000Z
668466060,"BATS:SIL, 1D",,Negative Divergence Detected,2023-01-26T14:30:02.000Z
668437536,"BATS:ILF, 1D",,Negative Divergence Detected,2023-01-26T14:30:02.000Z
668441442,"BATS:MOAT, 1D",,Negative Divergence Detected,2023-01-26T14:30:02.000Z
668438940,"BATS:IWB, 1D",,Negative Divergence Detected,2023-01-26T14:30:02.000Z
668462038,"BATS:REMX, 1D",,Negative Divergence Detected,2023-01-26T14:30:01.000Z
668469298,"BATS:VNQI, 1D",,Negative Divergence Detected,2023-01-26T14:30:01.000Z
668466601,"BATS:SMH, 1D",,Negative Divergence Detected,2023-01-26T14:30:01.000Z
668413584,"BATS:FDN, 1D",,Negative Divergence Detected,2023-01-26T14:30:01.000Z
668466185,"BATS:SKYY, 1D",,Negative Divergence Detected,2023-01-26T14:30:01.000Z
668431545,"BATS:EFG, 1D",,Negative Divergence Detected,2023-01-26T14:30:01.000Z
668469412,"BATS:VO, 1D",,Negative Divergence Detected,2023-01-26T14:30:01.000Z
668469941,"BATS:VTEB, 1D",,Negative Divergence Detected,2023-01-26T14:30:01.000Z
668469809,"BATS:VSS, 1D",,Negative Divergence Detected,2023-01-26T14:30:01.000Z
668433653,"BATS:EWS, 1D",,Negative Divergence Detected,2023-01-26T14:30:01.000Z
668428518,"BATS:AOM, 1D",,Negative Divergence Detected,2023-01-26T14:30:01.000Z
668417486,"BATS:PSQ, 1D",,Positive Divergence Detected,2023-01-26T14:30:01.000Z
668472086,"BATS:XT, 1D",,Negative Divergence Detected,2023-01-26T14:30:01.000Z
668461542,"BATS:PEJ, 1D",,Negative Divergence Detected,2023-01-26T14:30:01.000Z
668437900,"BATS:IOO, 1D",,Negative Divergence Detected,2023-01-26T14:30:01.000Z
668439392,"BATS:IWN, 1D",,Negative Divergence Detected,2023-01-26T14:30:01.000Z
668470650,"BATS:XLE, 1D",,Negative Divergence Detected,2023-01-26T14:30:01.000Z
668432206,"BATS:EWA, 1D",,Negative Divergence Detected,2023-01-26T14:30:01.000Z
668438786,"BATS:IVV, 1D",,Negative Divergence Detected,2023-01-26T14:30:01.000Z
668467401,"BATS:SPYG, 1D",,Negative Divergence Detected,2023-01-26T14:30:00.000Z
668439064,"BATS:IWF, 1D",,Negative Divergence Detected,2023-01-26T14:30:01.000Z
668468302,"BATS:VEA, 1D",,Negative Divergence Detected,2023-01-26T14:30:00.000Z
668435583,"BATS:GSG, 1D",,Negative Divergence Detected,2023-01-26T14:30:00.000Z
668439695,"BATS:IWP, 1D",,Negative Divergence Detected,2023-01-26T14:30:00.000Z
668440842,"BATS:LIT, 1D",,Negative Divergence Detected,2023-01-26T14:30:00.000Z
668434460,"BATS:FDN, 1D",,Negative Divergence Detected,2023-01-26T14:30:00.000Z
668441570,"BATS:MOO, 1D",,Negative Divergence Detected,2023-01-26T14:30:00.000Z
668439235,"BATS:IWM, 1D",,Negative Divergence Detected,2023-01-26T14:30:00.000Z
668462578,"BATS:SCZ, 1D",,Negative Divergence Detected,2023-01-26T14:30:00.000Z
668470062,"BATS:VXUS, 1D",,Negative Divergence Detected,2023-01-26T14:30:00.000Z
668471538,"BATS:XLY, 1D",,Negative Divergence Detected,2023-01-26T14:30:00.000Z
668431218,"BATS:ECH, 1D",,Negative Divergence Detected,2023-01-26T14:30:00.000Z
668471024,"BATS:XLK, 1D",,Negative Divergence Detected,2023-01-26T14:30:00.000Z
668461906,"BATS:QQQ, 1D",,Negative Divergence Detected,2023-01-26T14:30:00.000Z
668433653,"BATS:EWS, 1D",,Negative Divergence Detected,2023-01-25T20:59:19.000Z
668439235,"BATS:IWM, 1D",,Negative Divergence Detected,2023-01-25T20:31:51.000Z
668471024,"BATS:XLK, 1D",,Negative Divergence Detected,2023-01-25T20:10:56.000Z
668438940,"BATS:IWB, 1D",,Negative Divergence Detected,2023-01-25T20:09:09.000Z
668469809,"BATS:VSS, 1D",,Negative Divergence Detected,2023-01-25T20:07:24.000Z
668430408,"BATS:CIBR, 1D",,Negative Divergence Detected,2023-01-25T20:01:39.000Z
668466060,"BATS:SIL, 1D",,Negative Divergence Detected,2023-01-25T19:49:10.000Z
668441570,"BATS:MOO, 1D",,Negative Divergence Detected,2023-01-25T19:21:01.000Z
668439392,"BATS:IWN, 1D",,Negative Divergence Detected,2023-01-25T19:16:13.000Z
668433016,"BATS:EWL, 1D",,Negative Divergence Detected,2023-01-25T19:12:41.000Z
668469298,"BATS:VNQI, 1D",,Negative Divergence Detected,2023-01-25T18:52:06.000Z
668431218,"BATS:ECH, 1D",,Negative Divergence Detected,2023-01-25T18:45:36.000Z
668428518,"BATS:AOM, 1D",,Negative Divergence Detected,2023-01-25T18:27:35.000Z
668431545,"BATS:EFG, 1D",,Negative Divergence Detected,2023-01-25T18:21:49.000Z
668470062,"BATS:VXUS, 1D",,Negative Divergence Detected,2023-01-25T18:14:51.000Z
668462578,"BATS:SCZ, 1D",,Negative Divergence Detected,2023-01-25T18:12:31.000Z
668471538,"BATS:XLY, 1D",,Negative Divergence Detected,2023-01-25T18:11:36.000Z
668468302,"BATS:VEA, 1D",,Negative Divergence Detected,2023-01-25T18:11:36.000Z
668471655,"BATS:XME, 1D",,Negative Divergence Detected,2023-01-25T18:10:48.000Z
668462038,"BATS:REMX, 1D",,Negative Divergence Detected,2023-01-25T17:55:57.000Z
668467660,"BATS:SUB, 1D",,Negative Divergence Detected,2023-01-25T15:30:34.000Z
668434325,"BATS:EWZ, 1D",,Negative Divergence Detected,2023-01-25T15:24:03.000Z
668437536,"BATS:ILF, 1D",,Negative Divergence Detected,2023-01-25T15:23:15.000Z
668332137,"BATS:CPER, 1D",,Positive Divergence Detected,2023-01-25T15:15:34.000Z
668429948,"BATS:BWX, 1D",,Negative Divergence Detected,2023-01-25T15:11:18.000Z
668432206,"BATS:EWA, 1D",,Negative Divergence Detected,2023-01-25T14:42:28.000Z
668440513,"BATS:JPST, 1D",,Negative Divergence Detected,2023-01-25T14:33:21.000Z
668440842,"BATS:LIT, 1D",,Negative Divergence Detected,2023-01-25T14:32:30.000Z
668370304,"BATS:INDA, 1D",,Positive Divergence Detected,2023-01-25T14:30:02.000Z
668469667,"BATS:VPL, 1D",,Negative Divergence Detected,2023-01-25T14:30:00.000Z
668432875,"BATS:EWJ, 1D",,Negative Divergence Detected,2023-01-25T14:30:01.000Z
668372947,"BATS:IXJ, 1D",,Positive Divergence Detected,2023-01-25T14:30:00.000Z
668468302,"BATS:VEA, 1D",,Negative Divergence Detected,2023-01-24T19:54:36.000Z
668332137,"BATS:CPER, 1D",,Positive Divergence Detected,2023-01-24T19:05:23.000Z
668437900,"BATS:IOO, 1D",,Negative Divergence Detected,2023-01-24T18:49:59.000Z
668464665,"BATS:SH, 1D",,Positive Divergence Detected,2023-01-24T18:40:51.000Z
668436515,"BATS:IGF, 1D",,Negative Divergence Detected,2023-01-24T18:01:34.000Z
668432398,"BATS:EWD, 1D",,Negative Divergence Detected,2023-01-24T17:17:58.000Z
668462578,"BATS:SCZ, 1D",,Negative Divergence Detected,2023-01-24T17:12:37.000Z
668469298,"BATS:VNQI, 1D",,Negative Divergence Detected,2023-01-24T17:11:54.000Z
668472293,"BATS:XTN, 1D",,Negative Divergence Detected,2023-01-24T16:17:44.000Z
668441570,"BATS:MOO, 1D",,Negative Divergence Detected,2023-01-24T16:15:01.000Z
668469179,"BATS:VNQ, 1D",,Negative Divergence Detected,2023-01-24T16:10:05.000Z
668469412,"BATS:VO, 1D",,Negative Divergence Detected,2023-01-24T16:04:48.000Z
668439392,"BATS:IWN, 1D",,Negative Divergence Detected,2023-01-24T15:59:38.000Z
668438940,"BATS:IWB, 1D",,Negative Divergence Detected,2023-01-24T15:58:35.000Z
668440034,"BATS:IXN, 1D",,Negative Divergence Detected,2023-01-24T15:58:12.000Z
668470062,"BATS:VXUS, 1D",,Negative Divergence Detected,2023-01-24T15:57:16.000Z
668469809,"BATS:VSS, 1D",,Negative Divergence Detected,2023-01-24T15:57:01.000Z
668439235,"BATS:IWM, 1D",,Negative Divergence Detected,2023-01-24T15:55:25.000Z
668432206,"BATS:EWA, 1D",,Negative Divergence Detected,2023-01-24T15:53:03.000Z
668470532,"BATS:XLC, 1D",,Negative Divergence Detected,2023-01-24T15:43:48.000Z
668432875,"BATS:EWJ, 1D",,Negative Divergence Detected,2023-01-24T15:42:56.000Z
668428518,"BATS:AOM, 1D",,Negative Divergence Detected,2023-01-24T15:36:27.000Z
668469667,"BATS:VPL, 1D",,Negative Divergence Detected,2023-01-24T15:15:09.000Z
668372947,"BATS:IXJ, 1D",,Positive Divergence Detected,2023-01-24T15:12:03.000Z
668417486,"BATS:PSQ, 1D",,Positive Divergence Detected,2023-01-24T14:52:59.000Z
668461906,"BATS:QQQ, 1D",,Negative Divergence Detected,2023-01-24T14:51:09.000Z
668468447,"BATS:VFC, 1D",,Negative Divergence Detected,2023-01-24T14:50:07.000Z
668471024,"BATS:XLK, 1D",,Negative Divergence Detected,2023-01-24T14:49:00.000Z
668413584,"BATS:FDN, 1D",,Negative Divergence Detected,2023-01-24T14:46:59.000Z
668434460,"BATS:FDN, 1D",,Negative Divergence Detected,2023-01-24T14:46:59.000Z
668466185,"BATS:SKYY, 1D",,Negative Divergence Detected,2023-01-24T14:46:38.000Z
668470290,"BATS:XBI, 1D",,Negative Divergence Detected,2023-01-24T14:44:21.000Z
668471538,"BATS:XLY, 1D",,Negative Divergence Detected,2023-01-24T14:40:58.000Z
668430408,"BATS:CIBR, 1D",,Negative Divergence Detected,2023-01-24T14:39:51.000Z
668468015,"BATS:UPST, 1D",,Negative Divergence Detected,2023-01-24T14:36:55.000Z
668420934,"BATS:UPST, 1D",,Negative Divergence Detected,2023-01-24T14:36:55.000Z
668439064,"BATS:IWF, 1D",,Negative Divergence Detected,2023-01-24T14:33:10.000Z
668438223,"BATS:ITB, 1D",,Negative Divergence Detected,2023-01-24T14:32:59.000Z
668440842,"BATS:LIT, 1D",,Negative Divergence Detected,2023-01-24T14:30:02.000Z
668437536,"BATS:ILF, 1D",,Negative Divergence Detected,2023-01-24T14:30:02.000Z
668462038,"BATS:REMX, 1D",,Negative Divergence Detected,2023-01-24T14:30:01.000Z
668430718,"BATS:DBC, 1D",,Negative Divergence Detected,2023-01-24T14:30:01.000Z
668440513,"BATS:JPST, 1D",,Negative Divergence Detected,2023-01-24T14:30:01.000Z
668331659,"BATS:BLV, 1D",,Positive Divergence Detected,2023-01-24T14:30:00.000Z
668431218,"BATS:ECH, 1D",,Negative Divergence Detected,2023-01-24T14:30:00.000Z
668435583,"BATS:GSG, 1D",,Negative Divergence Detected,2023-01-24T14:30:00.000Z
668389440,"BATS:SLV, 1D",,Positive Divergence Detected,2023-01-24T14:30:00.000Z
668470290,"BATS:XBI, 1D",,Negative Divergence Detected,2023-01-23T19:05:33.000Z
668467263,"BATS:SPYD, 1D",,Negative Divergence Detected,2023-01-23T18:46:55.000Z
668468447,"BATS:VFC, 1D",,Negative Divergence Detected,2023-01-23T18:31:40.000Z
668439695,"BATS:IWP, 1D",,Negative Divergence Detected,2023-01-23T18:01:16.000Z
668439392,"BATS:IWN, 1D",,Negative Divergence Detected,2023-01-23T17:46:13.000Z
668331659,"BATS:BLV, 1D",,Positive Divergence Detected,2023-01-23T16:31:24.000Z
668438786,"BATS:IVV, 1D",,Negative Divergence Detected,2023-01-23T16:10:07.000Z
668431545,"BATS:EFG, 1D",,Negative Divergence Detected,2023-01-23T16:05:32.000Z
668439235,"BATS:IWM, 1D",,Negative Divergence Detected,2023-01-23T16:04:03.000Z
668436209,"BATS:IDV, 1D",,Negative Divergence Detected,2023-01-23T16:03:48.000Z
668472293,"BATS:XTN, 1D",,Negative Divergence Detected,2023-01-23T15:59:03.000Z
668436515,"BATS:IGF, 1D",,Negative Divergence Detected,2023-01-23T15:55:36.000Z
668469298,"BATS:VNQI, 1D",,Negative Divergence Detected,2023-01-23T15:51:30.000Z
668438940,"BATS:IWB, 1D",,Negative Divergence Detected,2023-01-23T15:50:18.000Z
668439526,"BATS:IWO, 1D",,Negative Divergence Detected,2023-01-23T15:32:03.000Z
668468302,"BATS:VEA, 1D",,Negative Divergence Detected,2023-01-23T15:31:14.000Z
668432206,"BATS:EWA, 1D",,Negative Divergence Detected,2023-01-23T15:30:47.000Z
668441570,"BATS:MOO, 1D",,Negative Divergence Detected,2023-01-23T15:30:28.000Z
668469667,"BATS:VPL, 1D",,Negative Divergence Detected,2023-01-23T15:25:07.000Z
668471387,"BATS:XLV, 1D",,Negative Divergence Detected,2023-01-23T15:09:34.000Z
668469412,"BATS:VO, 1D",,Negative Divergence Detected,2023-01-23T15:04:29.000Z
668471024,"BATS:XLK, 1D",,Negative Divergence Detected,2023-01-23T15:00:31.000Z
668468015,"BATS:UPST, 1D",,Negative Divergence Detected,2023-01-23T14:57:12.000Z
668420934,"BATS:UPST, 1D",,Negative Divergence Detected,2023-01-23T14:57:12.000Z
668470062,"BATS:VXUS, 1D",,Negative Divergence Detected,2023-01-23T14:51:49.000Z
668428518,"BATS:AOM, 1D",,Negative Divergence Detected,2023-01-23T14:51:27.000Z
668462167,"BATS:ROBO, 1D",,Negative Divergence Detected,2023-01-23T14:50:53.000Z
668433653,"BATS:EWS, 1D",,Negative Divergence Detected,2023-01-23T14:50:20.000Z
668440513,"BATS:JPST, 1D",,Negative Divergence Detected,2023-01-23T14:50:05.000Z
668466185,"BATS:SKYY, 1D",,Negative Divergence Detected,2023-01-23T14:48:23.000Z
668469809,"BATS:VSS, 1D",,Negative Divergence Detected,2023-01-23T14:48:08.000Z
668417486,"BATS:PSQ, 1D",,Positive Divergence Detected,2023-01-23T14:47:20.000Z
668441442,"BATS:MOAT, 1D",,Negative Divergence Detected,2023-01-23T14:44:15.000Z
668472086,"BATS:XT, 1D",,Negative Divergence Detected,2023-01-23T14:39:11.000Z
668437388,"BATS:IHI, 1D",,Negative Divergence Detected,2023-01-23T14:33:12.000Z
668433187,"BATS:EWM, 1D",,Negative Divergence Detected,2023-01-23T14:33:06.000Z
668431218,"BATS:ECH, 1D",,Negative Divergence Detected,2023-01-23T14:30:35.000Z
668440696,"BATS:KBE, 1D",,Negative Divergence Detected,2023-01-23T14:30:03.000Z
668430408,"BATS:CIBR, 1D",,Negative Divergence Detected,2023-01-23T14:30:01.000Z
668432398,"BATS:EWD, 1D",,Negative Divergence Detected,2023-01-23T14:30:01.000Z
668440842,"BATS:LIT, 1D",,Negative Divergence Detected,2023-01-23T14:30:01.000Z
668439872,"BATS:IXJ, 1D",,Negative Divergence Detected,2023-01-23T14:30:01.000Z
668461542,"BATS:PEJ, 1D",,Negative Divergence Detected,2023-01-23T14:30:01.000Z
668439064,"BATS:IWF, 1D",,Negative Divergence Detected,2023-01-23T14:30:01.000Z
668435249,"BATS:GNR, 1D",,Negative Divergence Detected,2023-01-23T14:30:00.000Z
668437536,"BATS:ILF, 1D",,Negative Divergence Detected,2023-01-23T14:30:00.000Z
668430718,"BATS:DBC, 1D",,Negative Divergence Detected,2023-01-23T14:30:00.000Z
668440034,"BATS:IXN, 1D",,Negative Divergence Detected,2023-01-23T14:30:00.000Z
668466601,"BATS:SMH, 1D",,Negative Divergence Detected,2023-01-23T14:30:00.000Z
668462038,"BATS:REMX, 1D",,Negative Divergence Detected,2023-01-23T14:30:00.000Z
668471966,"BATS:XOP, 1D",,Negative Divergence Detected,2023-01-23T14:30:00.000Z
668434168,"BATS:EWY, 1D",,Negative Divergence Detected,2023-01-23T14:30:00.000Z
668471538,"BATS:XLY, 1D",,Negative Divergence Detected,2023-01-23T14:30:00.000Z
668434460,"BATS:FDN, 1D",,Negative Divergence Detected,2023-01-23T14:30:00.000Z
668413584,"BATS:FDN, 1D",,Negative Divergence Detected,2023-01-23T14:30:00.000Z
668461906,"BATS:QQQ, 1D",,Negative Divergence Detected,2023-01-23T14:30:00.000Z
668435583,"BATS:GSG, 1D",,Negative Divergence Detected,2023-01-23T14:30:00.000Z
668389440,"BATS:SLV, 1D",,Positive Divergence Detected,2023-01-23T14:30:00.000Z
668434013,"BATS:EWU, 1D",,Negative Divergence Detected,2023-01-20T21:00:00.000Z
668436515,"BATS:IGF, 1D",,Negative Divergence Detected,2023-01-20T20:59:58.000Z
668461906,"BATS:QQQ, 1D",,Negative Divergence Detected,2023-01-20T20:11:50.000Z
668437388,"BATS:IHI, 1D",,Negative Divergence Detected,2023-01-20T20:11:30.000Z
668435249,"BATS:GNR, 1D",,Negative Divergence Detected,2023-01-20T19:38:11.000Z
668469298,"BATS:VNQI, 1D",,Negative Divergence Detected,2023-01-20T19:33:05.000Z
668470062,"BATS:VXUS, 1D",,Negative Divergence Detected,2023-01-20T18:50:32.000Z
668369369,"BATS:IHE, 1D",,Positive Divergence Detected,2023-01-20T18:43:13.000Z
668434460,"BATS:FDN, 1D",,Negative Divergence Detected,2023-01-20T16:29:16.000Z
668413584,"BATS:FDN, 1D",,Negative Divergence Detected,2023-01-20T16:29:16.000Z
668469809,"BATS:VSS, 1D",,Negative Divergence Detected,2023-01-20T16:11:07.000Z
668431362,"BATS:EEM, 1D",,Negative Divergence Detected,2023-01-20T15:29:07.000Z
668432206,"BATS:EWA, 1D",,Negative Divergence Detected,2023-01-20T15:22:35.000Z
668432875,"BATS:EWJ, 1D",,Negative Divergence Detected,2023-01-20T15:22:22.000Z
668433653,"BATS:EWS, 1D",,Negative Divergence Detected,2023-01-20T15:22:06.000Z
668369692,"BATS:IHF, 1D",,Positive Divergence Detected,2023-01-20T14:58:03.000Z
668470532,"BATS:XLC, 1D",,Negative Divergence Detected,2023-01-20T14:52:38.000Z
668469667,"BATS:VPL, 1D",,Negative Divergence Detected,2023-01-20T14:52:31.000Z
668331659,"BATS:BLV, 1D",,Positive Divergence Detected,2023-01-20T14:50:07.000Z
668380825,"BATS:PBJ, 1D",,Positive Divergence Detected,2023-01-20T14:43:08.000Z
668440513,"BATS:JPST, 1D",,Negative Divergence Detected,2023-01-20T14:33:44.000Z
668380295,"BATS:NOBL, 1D",,Positive Divergence Detected,2023-01-20T14:32:54.000Z
668370758,"BATS:ITA, 1D",,Positive Divergence Detected,2023-01-20T14:31:53.000Z
668437536,"BATS:ILF, 1D",,Negative Divergence Detected,2023-01-20T14:30:50.000Z
668402184,"BATS:XLI, 1D",,Positive Divergence Detected,2023-01-20T14:30:46.000Z
668440842,"BATS:LIT, 1D",,Negative Divergence Detected,2023-01-20T14:30:02.000Z
668462038,"BATS:REMX, 1D",,Negative Divergence Detected,2023-01-20T14:30:00.000Z
668434168,"BATS:EWY, 1D",,Negative Divergence Detected,2023-01-20T14:30:01.000Z
668402967,"BATS:XLU, 1D",,Positive Divergence Detected,2023-01-20T14:30:01.000Z
668433187,"BATS:EWM, 1D",,Negative Divergence Detected,2023-01-20T14:30:00.000Z
668390483,"BATS:SPLV, 1D",,Positive Divergence Detected,2023-01-20T14:30:00.000Z
668435583,"BATS:GSG, 1D",,Negative Divergence Detected,2023-01-20T14:30:00.000Z
668471966,"BATS:XOP, 1D",,Negative Divergence Detected,2023-01-20T14:30:00.000Z
668469667,"BATS:VPL, 1D",,Negative Divergence Detected,2023-01-19T19:32:21.000Z
668437536,"BATS:ILF, 1D",,Negative Divergence Detected,2023-01-19T19:24:16.000Z
668434325,"BATS:EWZ, 1D",,Negative Divergence Detected,2023-01-19T18:52:32.000Z
668471966,"BATS:XOP, 1D",,Negative Divergence Detected,2023-01-19T18:36:15.000Z
668462422,"BATS:SCHP, 1D",,Negative Divergence Detected,2023-01-19T18:02:39.000Z
668438422,"BATS:ITM, 1D",,Negative Divergence Detected,2023-01-19T17:16:28.000Z
668435583,"BATS:GSG, 1D",,Negative Divergence Detected,2023-01-19T17:10:20.000Z
668441709,"BATS:MUB, 1D",,Negative Divergence Detected,2023-01-19T16:51:29.000Z
668336210,"BATS:HDV, 1D",,Positive Divergence Detected,2023-01-19T16:46:34.000Z
668380295,"BATS:NOBL, 1D",,Positive Divergence Detected,2023-01-19T16:43:07.000Z
668402184,"BATS:XLI, 1D",,Positive Divergence Detected,2023-01-19T16:29:07.000Z
668429948,"BATS:BWX, 1D",,Negative Divergence Detected,2023-01-19T16:00:01.000Z
668435901,"BATS:HYD, 1D",,Negative Divergence Detected,2023-01-19T15:03:19.000Z
668469941,"BATS:VTEB, 1D",,Negative Divergence Detected,2023-01-19T14:33:11.000Z
668380825,"BATS:PBJ, 1D",,Positive Divergence Detected,2023-01-19T14:30:01.000Z
668369369,"BATS:IHE, 1D",,Positive Divergence Detected,2023-01-19T14:30:01.000Z
668433187,"BATS:EWM, 1D",,Negative Divergence Detected,2023-01-19T14:30:00.000Z
668440513,"BATS:JPST, 1D",,Negative Divergence Detected,2023-01-19T14:30:00.000Z
668467660,"BATS:SUB, 1D",,Negative Divergence Detected,2023-01-19T14:30:00.000Z
668402967,"BATS:XLU, 1D",,Positive Divergence Detected,2023-01-19T14:30:00.000Z
668431218,"BATS:ECH, 1D",,Negative Divergence Detected,2023-01-19T14:30:00.000Z
668370758,"BATS:ITA, 1D",,Positive Divergence Detected,2023-01-19T14:30:00.000Z
668369369,"BATS:IHE, 1D",,Positive Divergence Detected,2023-01-18T18:40:56.000Z
668402967,"BATS:XLU, 1D",,Positive Divergence Detected,2023-01-18T18:13:41.000Z
668390483,"BATS:SPLV, 1D",,Positive Divergence Detected,2023-01-18T16:56:32.000Z
668402731,"BATS:XLP, 1D",,Positive Divergence Detected,2023-01-18T16:55:43.000Z
668370758,"BATS:ITA, 1D",,Positive Divergence Detected,2023-01-18T16:06:11.000Z
668470411,"BATS:XLB, 1D",,Negative Divergence Detected,2023-01-18T15:30:07.000Z
668434644,"BATS:FIW, 1D",,Negative Divergence Detected,2023-01-18T15:12:42.000Z
668433488,"BATS:EWQ, 1D",,Negative Divergence Detected,2023-01-18T15:10:14.000Z
668438595,"BATS:ITOT, 1D",,Negative Divergence Detected,2023-01-18T15:08:48.000Z
668439526,"BATS:IWO, 1D",,Negative Divergence Detected,2023-01-18T14:43:40.000Z
668470290,"BATS:XBI, 1D",,Negative Divergence Detected,2023-01-18T14:40:37.000Z
668467919,"BATS:TLT, 1D",,Negative Divergence Detected,2023-01-18T14:32:10.000Z
668469179,"BATS:VNQ, 1D",,Negative Divergence Detected,2023-01-18T14:31:28.000Z
668466319,"BATS:SLV, 1D",,Negative Divergence Detected,2023-01-18T14:30:54.000Z
668466448,"BATS:SLV, 1D",,Negative Divergence Detected,2023-01-18T14:30:54.000Z
668471387,"BATS:XLV, 1D",,Negative Divergence Detected,2023-01-18T14:30:38.000Z
668436339,"BATS:IEF, 1D",,Negative Divergence Detected,2023-01-18T14:30:19.000Z
668441570,"BATS:MOO, 1D",,Negative Divergence Detected,2023-01-18T14:30:03.000Z
668467132,"BATS:SPTL, 1D",,Negative Divergence Detected,2023-01-18T14:30:04.000Z
668435901,"BATS:HYD, 1D",,Negative Divergence Detected,2023-01-18T14:30:01.000Z
668461643,"BATS:PFF, 1D",,Negative Divergence Detected,2023-01-18T14:30:02.000Z
668469298,"BATS:VNQI, 1D",,Negative Divergence Detected,2023-01-18T14:30:02.000Z
668442181,"BATS:PBJ, 1D",,Negative Divergence Detected,2023-01-18T14:30:01.000Z
668470062,"BATS:VXUS, 1D",,Negative Divergence Detected,2023-01-18T14:30:01.000Z
668471655,"BATS:XME, 1D",,Negative Divergence Detected,2023-01-18T14:30:01.000Z
668436515,"BATS:IGF, 1D",,Negative Divergence Detected,2023-01-18T14:30:01.000Z
668433653,"BATS:EWS, 1D",,Negative Divergence Detected,2023-01-18T14:30:01.000Z
668462578,"BATS:SCZ, 1D",,Negative Divergence Detected,2023-01-18T14:30:01.000Z
668428724,"BATS:BLV, 1D",,Negative Divergence Detected,2023-01-18T14:30:01.000Z
668469941,"BATS:VTEB, 1D",,Negative Divergence Detected,2023-01-18T14:30:01.000Z
668468675,"BATS:VGSH, 1D",,Negative Divergence Detected,2023-01-18T14:30:01.000Z
668439064,"BATS:IWF, 1D",,Negative Divergence Detected,2023-01-18T14:30:01.000Z
668420934,"BATS:UPST, 1D",,Negative Divergence Detected,2023-01-18T14:30:01.000Z
668468015,"BATS:UPST, 1D",,Negative Divergence Detected,2023-01-18T14:30:01.000Z
668437536,"BATS:ILF, 1D",,Negative Divergence Detected,2023-01-18T14:30:01.000Z
668432545,"BATS:EWG, 1D",,Negative Divergence Detected,2023-01-18T14:30:01.000Z
668441442,"BATS:MOAT, 1D",,Negative Divergence Detected,2023-01-18T14:30:01.000Z
668436695,"BATS:IGIB, 1D",,Negative Divergence Detected,2023-01-18T14:30:01.000Z
668436875,"BATS:IGSB, 1D",,Negative Divergence Detected,2023-01-18T14:30:01.000Z
668466185,"BATS:SKYY, 1D",,Negative Divergence Detected,2023-01-18T14:30:01.000Z
668433016,"BATS:EWL, 1D",,Negative Divergence Detected,2023-01-18T14:30:01.000Z
668466601,"BATS:SMH, 1D",,Negative Divergence Detected,2023-01-18T14:30:01.000Z
668472086,"BATS:XT, 1D",,Negative Divergence Detected,2023-01-18T14:30:01.000Z
668462281,"BATS:RSP, 1D",,Negative Divergence Detected,2023-01-18T14:30:01.000Z
668439872,"BATS:IXJ, 1D",,Negative Divergence Detected,2023-01-18T14:30:01.000Z
668468572,"BATS:VGK, 1D",,Negative Divergence Detected,2023-01-18T14:30:01.000Z
668428518,"BATS:AOM, 1D",,Negative Divergence Detected,2023-01-18T14:30:01.000Z
668434460,"BATS:FDN, 1D",,Negative Divergence Detected,2023-01-18T14:30:01.000Z
668413584,"BATS:FDN, 1D",,Negative Divergence Detected,2023-01-18T14:30:01.000Z
668440842,"BATS:LIT, 1D",,Negative Divergence Detected,2023-01-18T14:30:01.000Z
668466853,"BATS:SPLB, 1D",,Negative Divergence Detected,2023-01-18T14:30:01.000Z
668434168,"BATS:EWY, 1D",,Negative Divergence Detected,2023-01-18T14:30:00.000Z
668472293,"BATS:XTN, 1D",,Negative Divergence Detected,2023-01-18T14:30:00.000Z
668469412,"BATS:VO, 1D",,Negative Divergence Detected,2023-01-18T14:30:00.000Z
668439392,"BATS:IWN, 1D",,Negative Divergence Detected,2023-01-18T14:30:01.000Z
668440034,"BATS:IXN, 1D",,Negative Divergence Detected,2023-01-18T14:30:00.000Z
668436209,"BATS:IDV, 1D",,Negative Divergence Detected,2023-01-18T14:30:00.000Z
668461542,"BATS:PEJ, 1D",,Negative Divergence Detected,2023-01-18T14:30:00.000Z
668435249,"BATS:GNR, 1D",,Negative Divergence Detected,2023-01-18T14:30:00.000Z
668467660,"BATS:SUB, 1D",,Negative Divergence Detected,2023-01-18T14:30:00.000Z
668461906,"BATS:QQQ, 1D",,Negative Divergence Detected,2023-01-18T14:30:00.000Z
668437900,"BATS:IOO, 1D",,Negative Divergence Detected,2023-01-18T14:30:00.000Z
668440513,"BATS:JPST, 1D",,Negative Divergence Detected,2023-01-18T14:30:00.000Z
668431051,"BATS:EBND, 1D",,Negative Divergence Detected,2023-01-18T14:30:00.000Z
668469809,"BATS:VSS, 1D",,Negative Divergence Detected,2023-01-18T14:30:00.000Z
668439695,"BATS:IWP, 1D",,Negative Divergence Detected,2023-01-18T14:30:00.000Z
668440984,"BATS:LQD, 1D",,Negative Divergence Detected,2023-01-18T14:30:00.000Z
668435412,"BATS:GOVT, 1D",,Negative Divergence Detected,2023-01-18T14:30:00.000Z
668430555,"BATS:CPER, 1D",,Negative Divergence Detected,2023-01-18T14:30:00.000Z
668437388,"BATS:IHI, 1D",,Negative Divergence Detected,2023-01-18T14:30:00.000Z
668433187,"BATS:EWM, 1D",,Negative Divergence Detected,2023-01-18T14:30:00.000Z
668430408,"BATS:CIBR, 1D",,Negative Divergence Detected,2023-01-18T14:30:00.000Z
668427525,"BATS:AGG, 1D",,Negative Divergence Detected,2023-01-18T14:30:00.000Z
668440181,"BATS:JETS, 1D",,Negative Divergence Detected,2023-01-18T14:30:00.000Z
668462167,"BATS:ROBO, 1D",,Negative Divergence Detected,2023-01-18T14:30:00.000Z
668465955,"BATS:SHY, 1D",,Negative Divergence Detected,2023-01-18T14:30:00.000Z
668431545,"BATS:EFG, 1D",,Negative Divergence Detected,2023-01-18T14:30:00.000Z
668442020,"BATS:OIH, 1D",,Negative Divergence Detected,2023-01-18T14:30:00.000Z
668438422,"BATS:ITM, 1D",,Negative Divergence Detected,2023-01-18T14:30:00.000Z
668469667,"BATS:VPL, 1D",,Negative Divergence Detected,2023-01-18T14:30:00.000Z
668434325,"BATS:EWZ, 1D",,Negative Divergence Detected,2023-01-18T14:30:00.000Z
668431362,"BATS:EEM, 1D",,Negative Divergence Detected,2023-01-18T14:30:00.000Z
668462038,"BATS:REMX, 1D",,Negative Divergence Detected,2023-01-18T14:30:00.000Z
668428891,"BATS:BSV, 1D",,Negative Divergence Detected,2023-01-18T14:30:00.000Z
668432398,"BATS:EWD, 1D",,Negative Divergence Detected,2023-01-18T14:30:00.000Z
668429948,"BATS:BWX, 1D",,Negative Divergence Detected,2023-01-18T14:30:00.000Z
668432206,"BATS:EWA, 1D",,Negative Divergence Detected,2023-01-18T14:30:00.000Z
668430718,"BATS:DBC, 1D",,Negative Divergence Detected,2023-01-18T14:30:00.000Z
668441709,"BATS:MUB, 1D",,Negative Divergence Detected,2023-01-18T14:30:00.000Z
668434013,"BATS:EWU, 1D",,Negative Divergence Detected,2023-01-18T14:30:00.000Z
668432875,"BATS:EWJ, 1D",,Negative Divergence Detected,2023-01-18T14:30:00.000Z
668471966,"BATS:XOP, 1D",,Negative Divergence Detected,2023-01-18T14:30:00.000Z
668435583,"BATS:GSG, 1D",,Negative Divergence Detected,2023-01-18T14:30:00.000Z
668471538,"BATS:XLY, 1D",,Negative Divergence Detected,2023-01-18T14:30:00.000Z
668438223,"BATS:ITB, 1D",,Negative Divergence Detected,2023-01-18T14:30:00.000Z
668417486,"BATS:PSQ, 1D",,Positive Divergence Detected,2023-01-18T14:30:00.000Z
668470650,"BATS:XLE, 1D",,Negative Divergence Detected,2023-01-18T14:30:00.000Z
668441281,"BATS:MLN, 1D",,Negative Divergence Detected,2023-01-18T14:30:00.000Z
668439235,"BATS:IWM, 1D",,Negative Divergence Detected,2023-01-18T14:30:00.000Z
668437536,"BATS:ILF, 1D",,Negative Divergence Detected,2023-01-17T20:41:01.000Z
668438422,"BATS:ITM, 1D",,Negative Divergence Detected,2023-01-17T18:13:31.000Z
668430408,"BATS:CIBR, 1D",,Negative Divergence Detected,2023-01-17T17:50:57.000Z
668471387,"BATS:XLV, 1D",,Negative Divergence Detected,2023-01-17T17:00:20.000Z
668430555,"BATS:CPER, 1D",,Negative Divergence Detected,2023-01-17T16:33:09.000Z
668434644,"BATS:FIW, 1D",,Negative Divergence Detected,2023-01-17T15:11:18.000Z
668428518,"BATS:AOM, 1D",,Negative Divergence Detected,2023-01-17T15:10:58.000Z
668472086,"BATS:XT, 1D",,Negative Divergence Detected,2023-01-17T15:05:09.000Z
668469179,"BATS:VNQ, 1D",,Negative Divergence Detected,2023-01-17T15:04:11.000Z
668441442,"BATS:MOAT, 1D",,Negative Divergence Detected,2023-01-17T15:04:04.000Z
668413584,"BATS:FDN, 1D",,Negative Divergence Detected,2023-01-17T15:03:31.000Z
668434460,"BATS:FDN, 1D",,Negative Divergence Detected,2023-01-17T15:03:31.000Z
668469941,"BATS:VTEB, 1D",,Negative Divergence Detected,2023-01-17T15:03:24.000Z
668470290,"BATS:XBI, 1D",,Negative Divergence Detected,2023-01-17T15:03:22.000Z
668467527,"BATS:SPYV, 1D",,Negative Divergence Detected,2023-01-17T15:02:20.000Z
668438223,"BATS:ITB, 1D",,Negative Divergence Detected,2023-01-17T15:02:12.000Z
668436209,"BATS:IDV, 1D",,Negative Divergence Detected,2023-01-17T15:01:52.000Z
668466601,"BATS:SMH, 1D",,Negative Divergence Detected,2023-01-17T15:00:31.000Z
668432545,"BATS:EWG, 1D",,Negative Divergence Detected,2023-01-17T15:00:19.000Z
668437388,"BATS:IHI, 1D",,Negative Divergence Detected,2023-01-17T15:00:19.000Z
668472293,"BATS:XTN, 1D",,Negative Divergence Detected,2023-01-17T14:54:30.000Z
668435249,"BATS:GNR, 1D",,Negative Divergence Detected,2023-01-17T14:52:35.000Z
668440181,"BATS:JETS, 1D",,Negative Divergence Detected,2023-01-17T14:37:22.000Z
668440034,"BATS:IXN, 1D",,Negative Divergence Detected,2023-01-17T14:35:34.000Z
668440513,"BATS:JPST, 1D",,Negative Divergence Detected,2023-01-17T14:31:51.000Z
668467263,"BATS:SPYD, 1D",,Negative Divergence Detected,2023-01-17T14:31:12.000Z
668466185,"BATS:SKYY, 1D",,Negative Divergence Detected,2023-01-17T14:30:48.000Z
668469412,"BATS:VO, 1D",,Negative Divergence Detected,2023-01-17T14:30:47.000Z
668471655,"BATS:XME, 1D",,Negative Divergence Detected,2023-01-17T14:30:44.000Z
668436515,"BATS:IGF, 1D",,Negative Divergence Detected,2023-01-17T14:30:27.000Z
668437900,"BATS:IOO, 1D",,Negative Divergence Detected,2023-01-17T14:30:27.000Z
668468804,"BATS:VIG, 1D",,Negative Divergence Detected,2023-01-17T14:30:05.000Z
668436043,"BATS:ICLN, 1D",,Negative Divergence Detected,2023-01-17T14:30:04.000Z
668464665,"BATS:SH, 1D",,Positive Divergence Detected,2023-01-17T14:30:03.000Z
668438595,"BATS:ITOT, 1D",,Negative Divergence Detected,2023-01-17T14:30:02.000Z
668430718,"BATS:DBC, 1D",,Negative Divergence Detected,2023-01-17T14:30:02.000Z
668442181,"BATS:PBJ, 1D",,Negative Divergence Detected,2023-01-17T14:30:03.000Z
668434013,"BATS:EWU, 1D",,Negative Divergence Detected,2023-01-17T14:30:02.000Z
668439526,"BATS:IWO, 1D",,Negative Divergence Detected,2023-01-17T14:30:02.000Z
668468572,"BATS:VGK, 1D",,Negative Divergence Detected,2023-01-17T14:30:02.000Z
668470062,"BATS:VXUS, 1D",,Negative Divergence Detected,2023-01-17T14:30:02.000Z
668461643,"BATS:PFF, 1D",,Negative Divergence Detected,2023-01-17T14:30:01.000Z
668439064,"BATS:IWF, 1D",,Negative Divergence Detected,2023-01-17T14:30:01.000Z
668462167,"BATS:ROBO, 1D",,Negative Divergence Detected,2023-01-17T14:30:01.000Z
668462281,"BATS:RSP, 1D",,Negative Divergence Detected,2023-01-17T14:30:01.000Z
668469298,"BATS:VNQI, 1D",,Negative Divergence Detected,2023-01-17T14:30:01.000Z
668435583,"BATS:GSG, 1D",,Negative Divergence Detected,2023-01-17T14:30:01.000Z
668468015,"BATS:UPST, 1D",,Negative Divergence Detected,2023-01-17T14:30:01.000Z
668468447,"BATS:VFC, 1D",,Negative Divergence Detected,2023-01-17T14:30:01.000Z
668433016,"BATS:EWL, 1D",,Negative Divergence Detected,2023-01-17T14:30:01.000Z
668433488,"BATS:EWQ, 1D",,Negative Divergence Detected,2023-01-17T14:30:01.000Z
668420934,"BATS:UPST, 1D",,Negative Divergence Detected,2023-01-17T14:30:01.000Z
668433187,"BATS:EWM, 1D",,Negative Divergence Detected,2023-01-17T14:30:01.000Z
668442020,"BATS:OIH, 1D",,Negative Divergence Detected,2023-01-17T14:30:01.000Z
668439392,"BATS:IWN, 1D",,Negative Divergence Detected,2023-01-17T14:30:01.000Z
668432206,"BATS:EWA, 1D",,Negative Divergence Detected,2023-01-17T14:30:01.000Z
668441855,"BATS:NOBL, 1D",,Negative Divergence Detected,2023-01-17T14:30:01.000Z
668439872,"BATS:IXJ, 1D",,Negative Divergence Detected,2023-01-17T14:30:01.000Z
668462578,"BATS:SCZ, 1D",,Negative Divergence Detected,2023-01-17T14:30:01.000Z
668469667,"BATS:VPL, 1D",,Negative Divergence Detected,2023-01-17T14:30:01.000Z
668417486,"BATS:PSQ, 1D",,Positive Divergence Detected,2023-01-17T14:30:00.000Z
668441570,"BATS:MOO, 1D",,Negative Divergence Detected,2023-01-17T14:30:00.000Z
668438940,"BATS:IWB, 1D",,Negative Divergence Detected,2023-01-17T14:30:00.000Z
668471538,"BATS:XLY, 1D",,Negative Divergence Detected,2023-01-17T14:30:00.000Z
668468302,"BATS:VEA, 1D",,Negative Divergence Detected,2023-01-17T14:30:00.000Z
668471966,"BATS:XOP, 1D",,Negative Divergence Detected,2023-01-17T14:30:00.000Z
668429948,"BATS:BWX, 1D",,Negative Divergence Detected,2023-01-17T14:30:00.000Z
668470411,"BATS:XLB, 1D",,Negative Divergence Detected,2023-01-17T14:30:00.000Z
668431545,"BATS:EFG, 1D",,Negative Divergence Detected,2023-01-17T14:30:00.000Z
668439235,"BATS:IWM, 1D",,Negative Divergence Detected,2023-01-17T14:30:00.000Z
668432875,"BATS:EWJ, 1D",,Negative Divergence Detected,2023-01-17T14:30:00.000Z
668469809,"BATS:VSS, 1D",,Negative Divergence Detected,2023-01-17T14:30:00.000Z
668470650,"BATS:XLE, 1D",,Negative Divergence Detected,2023-01-17T14:30:00.000Z
668440696,"BATS:KBE, 1D",,Negative Divergence Detected,2023-01-17T14:30:00.000Z
668461906,"BATS:QQQ, 1D",,Negative Divergence Detected,2023-01-17T14:30:00.000Z
